site,site_dir,somsc_summary,biomass_summary,n2o_summary,somsc_result,biomass_result,n2o_result,n2o_summary_plot_count,n2o_year_summary_plot_count,biomass_livec_plot_count,somsc_spinup_png,somsc_spinup_png_exists,somsc_exp_png,somsc_exp_png_exists,somsc_scatter_png,somsc_scatter_png_exists,biomass_scatter_png,biomass_scatter_png_exists,n2o_scatter_png,n2o_scatter_png_exists
Agegnehu_2015,assets/Agegnehu_2015,assets/Agegnehu_2015/somsc_check/somsc_check_summary.txt,assets/Agegnehu_2015/biomass_check/biomass_check_summary.txt,assets/Agegnehu_2015/n2o_check/n2o_check_summary.txt,RESULT: Model NEEDS INVESTIGATION - Base SOMSC is below SoilGrids observation (-88.32%).,RESULT: NEEDS INVESTIGATION - Model below observation and/or invalid comparison rows (see Point-wise delta).,RESULT: MODEL ONLY - No N2O flux observations in the observation file.,5,0,7,assets/Agegnehu_2015/somsc_check/somsc_timeseries_spinup.png,True,assets/Agegnehu_2015/somsc_check/somsc_timeseries_exp.png,True,assets/Agegnehu_2015/somsc_check/observed_vs_modeled_somsc.png,True,assets/Agegnehu_2015/biomass_check/observed_vs_modeled_biomass.png,True,assets/Agegnehu_2015/n2o_check/observed_vs_modeled_n2o.png,True
Anandakumar_2022,assets/Anandakumar_2022,assets/Anandakumar_2022/somsc_check/somsc_check_summary.txt,assets/Anandakumar_2022/biomass_check/biomass_check_summary.txt,assets/Anandakumar_2022/n2o_check/n2o_check_summary.txt,RESULT: Model NEEDS INVESTIGATION - Base SOMSC is below SoilGrids observation (-49.10%).,RESULT: MODEL ONLY - No biomass/grain observations in the observation file.,RESULT: MODEL ONLY - No N2O flux observations in the observation file.,4,0,6,assets/Anandakumar_2022/somsc_check/somsc_timeseries_spinup.png,True,assets/Anandakumar_2022/somsc_check/somsc_timeseries_exp.png,True,assets/Anandakumar_2022/somsc_check/observed_vs_modeled_somsc.png,False,assets/Anandakumar_2022/biomass_check/observed_vs_modeled_biomass.png,True,assets/Anandakumar_2022/n2o_check/observed_vs_modeled_n2o.png,True
Aravindh_2023_Coimbatore,assets/Aravindh_2023_Coimbatore,assets/Aravindh_2023_Coimbatore/somsc_check/somsc_check_summary.txt,assets/Aravindh_2023_Coimbatore/biomass_check/biomass_check_summary.txt,assets/Aravindh_2023_Coimbatore/n2o_check/n2o_check_summary.txt,RESULT: Model NEEDS INVESTIGATION - Base SOMSC is below SoilGrids observation (-94.13%).,RESULT: MODEL ONLY - No biomass/grain observations in the observation file.,RESULT: MODEL ONLY - No N2O flux observations in the observation file.,4,0,6,assets/Aravindh_2023_Coimbatore/somsc_check/somsc_timeseries_spinup.png,True,assets/Aravindh_2023_Coimbatore/somsc_check/somsc_timeseries_exp.png,True,assets/Aravindh_2023_Coimbatore/somsc_check/observed_vs_modeled_somsc.png,False,assets/Aravindh_2023_Coimbatore/biomass_check/observed_vs_modeled_biomass.png,True,assets/Aravindh_2023_Coimbatore/n2o_check/observed_vs_modeled_n2o.png,True
Aravindh_2023_Kovilpatt,assets/Aravindh_2023_Kovilpatt,assets/Aravindh_2023_Kovilpatt/somsc_check/somsc_check_summary.txt,assets/Aravindh_2023_Kovilpatt/biomass_check/biomass_check_summary.txt,assets/Aravindh_2023_Kovilpatt/n2o_check/n2o_check_summary.txt,RESULT: Model NEEDS INVESTIGATION - Base SOMSC is below SoilGrids observation (-97.61%).,RESULT: MODEL ONLY - No biomass/grain observations in the observation file.,RESULT: MODEL ONLY - No N2O flux observations in the observation file.,4,0,6,assets/Aravindh_2023_Kovilpatt/somsc_check/somsc_timeseries_spinup.png,True,assets/Aravindh_2023_Kovilpatt/somsc_check/somsc_timeseries_exp.png,True,assets/Aravindh_2023_Kovilpatt/somsc_check/observed_vs_modeled_somsc.png,False,assets/Aravindh_2023_Kovilpatt/biomass_check/observed_vs_modeled_biomass.png,True,assets/Aravindh_2023_Kovilpatt/n2o_check/observed_vs_modeled_n2o.png,True
Aulakh_2013,assets/Aulakh_2013,assets/Aulakh_2013/somsc_check/somsc_check_summary.txt,assets/Aulakh_2013/biomass_check/biomass_check_summary.txt,assets/Aulakh_2013/n2o_check/n2o_check_summary.txt,RESULT: Model NEEDS INVESTIGATION - Base SOMSC is below SoilGrids observation (-90.32%).,RESULT: MODEL ONLY - No biomass/grain observations in the observation file.,RESULT: MODEL ONLY - No N2O flux observations in the observation file.,16,0,18,assets/Aulakh_2013/somsc_check/somsc_timeseries_spinup.png,True,assets/Aulakh_2013/somsc_check/somsc_timeseries_exp.png,True,assets/Aulakh_2013/somsc_check/observed_vs_modeled_somsc.png,True,assets/Aulakh_2013/biomass_check/observed_vs_modeled_biomass.png,True,assets/Aulakh_2013/n2o_check/observed_vs_modeled_n2o.png,True
Babu_2016,assets/Babu_2016,assets/Babu_2016/somsc_check/somsc_check_summary.txt,assets/Babu_2016/biomass_check/biomass_check_summary.txt,assets/Babu_2016/n2o_check/n2o_check_summary.txt,RESULT: Model NEEDS INVESTIGATION - Base SOMSC is below SoilGrids observation (-97.50%).,RESULT: NEEDS INVESTIGATION - Model below observation and/or invalid comparison rows (see Point-wise delta).,RESULT: MODEL ONLY - No N2O flux observations in the observation file.,9,0,11,assets/Babu_2016/somsc_check/somsc_timeseries_spinup.png,True,assets/Babu_2016/somsc_check/somsc_timeseries_exp.png,True,assets/Babu_2016/somsc_check/observed_vs_modeled_somsc.png,True,assets/Babu_2016/biomass_check/observed_vs_modeled_biomass.png,True,assets/Babu_2016/n2o_check/observed_vs_modeled_n2o.png,True
Banerjee_2018,assets/Banerjee_2018,assets/Banerjee_2018/somsc_check/somsc_check_summary.txt,assets/Banerjee_2018/biomass_check/biomass_check_summary.txt,assets/Banerjee_2018/n2o_check/n2o_check_summary.txt,RESULT: Model NEEDS INVESTIGATION - Base SOMSC is below SoilGrids observation (-64.77%).,RESULT: NEEDS INVESTIGATION - Model below observation and/or invalid comparison rows (see Point-wise delta).,RESULT: MODEL ONLY - No N2O flux observations in the observation file.,4,0,6,assets/Banerjee_2018/somsc_check/somsc_timeseries_spinup.png,True,assets/Banerjee_2018/somsc_check/somsc_timeseries_exp.png,True,assets/Banerjee_2018/somsc_check/observed_vs_modeled_somsc.png,True,assets/Banerjee_2018/biomass_check/observed_vs_modeled_biomass.png,True,assets/Banerjee_2018/n2o_check/observed_vs_modeled_n2o.png,True
Behera_2021,assets/Behera_2021,assets/Behera_2021/somsc_check/somsc_check_summary.txt,assets/Behera_2021/biomass_check/biomass_check_summary.txt,assets/Behera_2021/n2o_check/n2o_check_summary.txt,RESULT: OK for Calibration - Base SOMSC meets or exceeds SoilGrids observation.,RESULT: MODEL ONLY - No biomass/grain observations in the observation file.,RESULT: MODEL ONLY - No N2O flux observations in the observation file.,20,0,22,assets/Behera_2021/somsc_check/somsc_timeseries_spinup.png,True,assets/Behera_2021/somsc_check/somsc_timeseries_exp.png,True,assets/Behera_2021/somsc_check/observed_vs_modeled_somsc.png,False,assets/Behera_2021/biomass_check/observed_vs_modeled_biomass.png,True,assets/Behera_2021/n2o_check/observed_vs_modeled_n2o.png,True
Bhattacharya_2023,assets/Bhattacharya_2023,assets/Bhattacharya_2023/somsc_check/somsc_check_summary.txt,assets/Bhattacharya_2023/biomass_check/biomass_check_summary.txt,assets/Bhattacharya_2023/n2o_check/n2o_check_summary.txt,RESULT: OK for Calibration - Base SOMSC meets or exceeds SoilGrids observation.,RESULT: CANNOT ASSESS - 'averaged_biomass_comparison.csv' was not found.,RESULT: NEEDS INVESTIGATION - One or more points overestimate observed N2O by more than 50% and/or invalid comparison rows (see Point-wise delta).,4,0,6,assets/Bhattacharya_2023/somsc_check/somsc_timeseries_spinup.png,True,assets/Bhattacharya_2023/somsc_check/somsc_timeseries_exp.png,True,assets/Bhattacharya_2023/somsc_check/observed_vs_modeled_somsc.png,True,assets/Bhattacharya_2023/biomass_check/observed_vs_modeled_biomass.png,False,assets/Bhattacharya_2023/n2o_check/observed_vs_modeled_n2o.png,True
Bhattacharyya_2018,assets/Bhattacharyya_2018,assets/Bhattacharyya_2018/somsc_check/somsc_check_summary.txt,assets/Bhattacharyya_2018/biomass_check/biomass_check_summary.txt,assets/Bhattacharyya_2018/n2o_check/n2o_check_summary.txt,RESULT: OK for Calibration - Base SOMSC meets or exceeds SoilGrids observation.,RESULT: NEEDS INVESTIGATION - Model below observation and/or invalid comparison rows (see Point-wise delta).,RESULT: NEEDS INVESTIGATION - One or more points overestimate observed N2O by more than 50% and/or invalid comparison rows (see Point-wise delta).,3,0,5,assets/Bhattacharyya_2018/somsc_check/somsc_timeseries_spinup.png,True,assets/Bhattacharyya_2018/somsc_check/somsc_timeseries_exp.png,True,assets/Bhattacharyya_2018/somsc_check/observed_vs_modeled_somsc.png,True,assets/Bhattacharyya_2018/biomass_check/observed_vs_modeled_biomass.png,True,assets/Bhattacharyya_2018/n2o_check/observed_vs_modeled_n2o.png,True
Biswakarma_2019,assets/Biswakarma_2019,assets/Biswakarma_2019/somsc_check/somsc_check_summary.txt,assets/Biswakarma_2019/biomass_check/biomass_check_summary.txt,assets/Biswakarma_2019/n2o_check/n2o_check_summary.txt,RESULT: Model NEEDS INVESTIGATION - Base SOMSC is below SoilGrids observation (-77.62%).,RESULT: NEEDS INVESTIGATION - Model below observation and/or invalid comparison rows (see Point-wise delta).,RESULT: MODEL ONLY - No N2O flux observations in the observation file.,12,0,14,assets/Biswakarma_2019/somsc_check/somsc_timeseries_spinup.png,True,assets/Biswakarma_2019/somsc_check/somsc_timeseries_exp.png,True,assets/Biswakarma_2019/somsc_check/observed_vs_modeled_somsc.png,False,assets/Biswakarma_2019/biomass_check/observed_vs_modeled_biomass.png,True,assets/Biswakarma_2019/n2o_check/observed_vs_modeled_n2o.png,True
Borah_2023,assets/Borah_2023,assets/Borah_2023/somsc_check/somsc_check_summary.txt,assets/Borah_2023/biomass_check/biomass_check_summary.txt,assets/Borah_2023/n2o_check/n2o_check_summary.txt,RESULT: Model NEEDS INVESTIGATION - Base SOMSC is below SoilGrids observation (-92.38%).,RESULT: MODEL ONLY - No biomass/grain observations in the observation file.,RESULT: MODEL ONLY - No N2O flux observations in the observation file.,8,0,10,assets/Borah_2023/somsc_check/somsc_timeseries_spinup.png,True,assets/Borah_2023/somsc_check/somsc_timeseries_exp.png,True,assets/Borah_2023/somsc_check/observed_vs_modeled_somsc.png,True,assets/Borah_2023/biomass_check/observed_vs_modeled_biomass.png,True,assets/Borah_2023/n2o_check/observed_vs_modeled_n2o.png,True
Chary_2019,assets/Chary_2019,assets/Chary_2019/somsc_check/somsc_check_summary.txt,assets/Chary_2019/biomass_check/biomass_check_summary.txt,assets/Chary_2019/n2o_check/n2o_check_summary.txt,RESULT: Model NEEDS INVESTIGATION - Base SOMSC is below SoilGrids observation (-91.60%).,RESULT: MODEL ONLY - No biomass/grain observations in the observation file.,RESULT: MODEL ONLY - No N2O flux observations in the observation file.,48,0,50,assets/Chary_2019/somsc_check/somsc_timeseries_spinup.png,True,assets/Chary_2019/somsc_check/somsc_timeseries_exp.png,True,assets/Chary_2019/somsc_check/observed_vs_modeled_somsc.png,True,assets/Chary_2019/biomass_check/observed_vs_modeled_biomass.png,True,assets/Chary_2019/n2o_check/observed_vs_modeled_n2o.png,True
Chatterjee_2018,assets/Chatterjee_2018,assets/Chatterjee_2018/somsc_check/somsc_check_summary.txt,assets/Chatterjee_2018/biomass_check/biomass_check_summary.txt,assets/Chatterjee_2018/n2o_check/n2o_check_summary.txt,RESULT: Model NEEDS INVESTIGATION - Base SOMSC is below SoilGrids observation (-90.09%).,RESULT: NEEDS INVESTIGATION - Model below observation and/or invalid comparison rows (see Point-wise delta).,RESULT: MODEL ONLY - No N2O flux observations in the observation file.,12,0,14,assets/Chatterjee_2018/somsc_check/somsc_timeseries_spinup.png,True,assets/Chatterjee_2018/somsc_check/somsc_timeseries_exp.png,True,assets/Chatterjee_2018/somsc_check/observed_vs_modeled_somsc.png,True,assets/Chatterjee_2018/biomass_check/observed_vs_modeled_biomass.png,True,assets/Chatterjee_2018/n2o_check/observed_vs_modeled_n2o.png,True
Chaudhari_2020,assets/Chaudhari_2020,assets/Chaudhari_2020/somsc_check/somsc_check_summary.txt,assets/Chaudhari_2020/biomass_check/biomass_check_summary.txt,assets/Chaudhari_2020/n2o_check/n2o_check_summary.txt,RESULT: Model NEEDS INVESTIGATION - Base SOMSC is below SoilGrids observation (-88.39%).,RESULT: NEEDS INVESTIGATION - Model below observation and/or invalid comparison rows (see Point-wise delta).,RESULT: MODEL ONLY - No N2O flux observations in the observation file.,5,0,7,assets/Chaudhari_2020/somsc_check/somsc_timeseries_spinup.png,True,assets/Chaudhari_2020/somsc_check/somsc_timeseries_exp.png,True,assets/Chaudhari_2020/somsc_check/observed_vs_modeled_somsc.png,True,assets/Chaudhari_2020/biomass_check/observed_vs_modeled_biomass.png,True,assets/Chaudhari_2020/n2o_check/observed_vs_modeled_n2o.png,True
Chaudhary_2017,assets/Chaudhary_2017,assets/Chaudhary_2017/somsc_check/somsc_check_summary.txt,assets/Chaudhary_2017/biomass_check/biomass_check_summary.txt,assets/Chaudhary_2017/n2o_check/n2o_check_summary.txt,RESULT: Model NEEDS INVESTIGATION - Base SOMSC is below SoilGrids observation (-35.13%).,RESULT: MODEL ONLY - No biomass/grain observations in the observation file.,RESULT: MODEL ONLY - No N2O flux observations in the observation file.,12,0,14,assets/Chaudhary_2017/somsc_check/somsc_timeseries_spinup.png,True,assets/Chaudhary_2017/somsc_check/somsc_timeseries_exp.png,True,assets/Chaudhary_2017/somsc_check/observed_vs_modeled_somsc.png,True,assets/Chaudhary_2017/biomass_check/observed_vs_modeled_biomass.png,True,assets/Chaudhary_2017/n2o_check/observed_vs_modeled_n2o.png,True
Chinnadurai_2013,assets/Chinnadurai_2013,assets/Chinnadurai_2013/somsc_check/somsc_check_summary.txt,assets/Chinnadurai_2013/biomass_check/biomass_check_summary.txt,assets/Chinnadurai_2013/n2o_check/n2o_check_summary.txt,RESULT: Model NEEDS INVESTIGATION - Base SOMSC is below SoilGrids observation (-92.20%).,RESULT: MODEL ONLY - No biomass/grain observations in the observation file.,RESULT: MODEL ONLY - No N2O flux observations in the observation file.,3,0,5,assets/Chinnadurai_2013/somsc_check/somsc_timeseries_spinup.png,True,assets/Chinnadurai_2013/somsc_check/somsc_timeseries_exp.png,True,assets/Chinnadurai_2013/somsc_check/observed_vs_modeled_somsc.png,False,assets/Chinnadurai_2013/biomass_check/observed_vs_modeled_biomass.png,True,assets/Chinnadurai_2013/n2o_check/observed_vs_modeled_n2o.png,True
Choudhary_2018,assets/Choudhary_2018,assets/Choudhary_2018/somsc_check/somsc_check_summary.txt,assets/Choudhary_2018/biomass_check/biomass_check_summary.txt,assets/Choudhary_2018/n2o_check/n2o_check_summary.txt,RESULT: Model NEEDS INVESTIGATION - Base SOMSC is below SoilGrids observation (-86.50%).,RESULT: MODEL ONLY - No biomass/grain observations in the observation file.,RESULT: MODEL ONLY - No N2O flux observations in the observation file.,20,0,22,assets/Choudhary_2018/somsc_check/somsc_timeseries_spinup.png,True,assets/Choudhary_2018/somsc_check/somsc_timeseries_exp.png,True,assets/Choudhary_2018/somsc_check/observed_vs_modeled_somsc.png,True,assets/Choudhary_2018/biomass_check/observed_vs_modeled_biomass.png,True,assets/Choudhary_2018/n2o_check/observed_vs_modeled_n2o.png,True
Das_2013,assets/Das_2013,assets/Das_2013/somsc_check/somsc_check_summary.txt,assets/Das_2013/biomass_check/biomass_check_summary.txt,assets/Das_2013/n2o_check/n2o_check_summary.txt,,,,0,0,0,assets/Das_2013/somsc_check/somsc_timeseries_spinup.png,False,assets/Das_2013/somsc_check/somsc_timeseries_exp.png,False,assets/Das_2013/somsc_check/observed_vs_modeled_somsc.png,False,assets/Das_2013/biomass_check/observed_vs_modeled_biomass.png,False,assets/Das_2013/n2o_check/observed_vs_modeled_n2o.png,False
Das_2018,assets/Das_2018,assets/Das_2018/somsc_check/somsc_check_summary.txt,assets/Das_2018/biomass_check/biomass_check_summary.txt,assets/Das_2018/n2o_check/n2o_check_summary.txt,RESULT: OK for Calibration - Base SOMSC meets or exceeds SoilGrids observation.,RESULT: NEEDS INVESTIGATION - Model below observation and/or invalid comparison rows (see Point-wise delta).,RESULT: MODEL ONLY - No N2O flux observations in the observation file.,5,0,7,assets/Das_2018/somsc_check/somsc_timeseries_spinup.png,True,assets/Das_2018/somsc_check/somsc_timeseries_exp.png,True,assets/Das_2018/somsc_check/observed_vs_modeled_somsc.png,True,assets/Das_2018/biomass_check/observed_vs_modeled_biomass.png,True,assets/Das_2018/n2o_check/observed_vs_modeled_n2o.png,True
Dhadli_2016,assets/Dhadli_2016,assets/Dhadli_2016/somsc_check/somsc_check_summary.txt,assets/Dhadli_2016/biomass_check/biomass_check_summary.txt,assets/Dhadli_2016/n2o_check/n2o_check_summary.txt,RESULT: OK for Calibration - Base SOMSC meets or exceeds SoilGrids observation.,RESULT: NEEDS INVESTIGATION - Model below observation and/or invalid comparison rows (see Point-wise delta).,RESULT: NEEDS INVESTIGATION - One or more points overestimate observed N2O by more than 50% and/or invalid comparison rows (see Point-wise delta).,4,0,6,assets/Dhadli_2016/somsc_check/somsc_timeseries_spinup.png,True,assets/Dhadli_2016/somsc_check/somsc_timeseries_exp.png,True,assets/Dhadli_2016/somsc_check/observed_vs_modeled_somsc.png,False,assets/Dhadli_2016/biomass_check/observed_vs_modeled_biomass.png,True,assets/Dhadli_2016/n2o_check/observed_vs_modeled_n2o.png,True
Dinesh_2022,assets/Dinesh_2022,assets/Dinesh_2022/somsc_check/somsc_check_summary.txt,assets/Dinesh_2022/biomass_check/biomass_check_summary.txt,assets/Dinesh_2022/n2o_check/n2o_check_summary.txt,RESULT: OK for Calibration - Base SOMSC meets or exceeds SoilGrids observation.,RESULT: MODEL ONLY - No biomass/grain observations in the observation file.,RESULT: MODEL ONLY - No N2O flux observations in the observation file.,8,0,10,assets/Dinesh_2022/somsc_check/somsc_timeseries_spinup.png,True,assets/Dinesh_2022/somsc_check/somsc_timeseries_exp.png,True,assets/Dinesh_2022/somsc_check/observed_vs_modeled_somsc.png,False,assets/Dinesh_2022/biomass_check/observed_vs_modeled_biomass.png,True,assets/Dinesh_2022/n2o_check/observed_vs_modeled_n2o.png,True
Dinesh_2024,assets/Dinesh_2024,assets/Dinesh_2024/somsc_check/somsc_check_summary.txt,assets/Dinesh_2024/biomass_check/biomass_check_summary.txt,assets/Dinesh_2024/n2o_check/n2o_check_summary.txt,RESULT: Model NEEDS INVESTIGATION - Base SOMSC is below SoilGrids observation (-63.41%).,RESULT: CANNOT ASSESS - 'averaged_biomass_comparison.csv' was not found.,RESULT: MODEL ONLY - No N2O flux observations in the observation file.,8,0,10,assets/Dinesh_2024/somsc_check/somsc_timeseries_spinup.png,True,assets/Dinesh_2024/somsc_check/somsc_timeseries_exp.png,True,assets/Dinesh_2024/somsc_check/observed_vs_modeled_somsc.png,False,assets/Dinesh_2024/biomass_check/observed_vs_modeled_biomass.png,False,assets/Dinesh_2024/n2o_check/observed_vs_modeled_n2o.png,True
Gabhane_2014,assets/Gabhane_2014,assets/Gabhane_2014/somsc_check/somsc_check_summary.txt,assets/Gabhane_2014/biomass_check/biomass_check_summary.txt,assets/Gabhane_2014/n2o_check/n2o_check_summary.txt,RESULT: Model NEEDS INVESTIGATION - Base SOMSC is below SoilGrids observation (-35.34%).,RESULT: CANNOT ASSESS - 'averaged_biomass_comparison.csv' was not found.,RESULT: MODEL ONLY - No N2O flux observations in the observation file.,10,0,12,assets/Gabhane_2014/somsc_check/somsc_timeseries_spinup.png,True,assets/Gabhane_2014/somsc_check/somsc_timeseries_exp.png,True,assets/Gabhane_2014/somsc_check/observed_vs_modeled_somsc.png,False,assets/Gabhane_2014/biomass_check/observed_vs_modeled_biomass.png,False,assets/Gabhane_2014/n2o_check/observed_vs_modeled_n2o.png,True
Ghosh_2006,assets/Ghosh_2006,assets/Ghosh_2006/somsc_check/somsc_check_summary.txt,assets/Ghosh_2006/biomass_check/biomass_check_summary.txt,assets/Ghosh_2006/n2o_check/n2o_check_summary.txt,RESULT: Model NEEDS INVESTIGATION - Base SOMSC is below SoilGrids observation (-68.45%).,RESULT: NEEDS INVESTIGATION - Model below observation and/or invalid comparison rows (see Point-wise delta).,RESULT: MODEL ONLY - No N2O flux observations in the observation file.,40,0,42,assets/Ghosh_2006/somsc_check/somsc_timeseries_spinup.png,True,assets/Ghosh_2006/somsc_check/somsc_timeseries_exp.png,True,assets/Ghosh_2006/somsc_check/observed_vs_modeled_somsc.png,True,assets/Ghosh_2006/biomass_check/observed_vs_modeled_biomass.png,True,assets/Ghosh_2006/n2o_check/observed_vs_modeled_n2o.png,True
Ghosh_2017,assets/Ghosh_2017,assets/Ghosh_2017/somsc_check/somsc_check_summary.txt,assets/Ghosh_2017/biomass_check/biomass_check_summary.txt,assets/Ghosh_2017/n2o_check/n2o_check_summary.txt,RESULT: Model NEEDS INVESTIGATION - Base SOMSC is below SoilGrids observation (-78.90%).,RESULT: MODEL ONLY - No biomass/grain observations in the observation file.,RESULT: MODEL ONLY - No N2O flux observations in the observation file.,6,0,8,assets/Ghosh_2017/somsc_check/somsc_timeseries_spinup.png,True,assets/Ghosh_2017/somsc_check/somsc_timeseries_exp.png,True,assets/Ghosh_2017/somsc_check/observed_vs_modeled_somsc.png,False,assets/Ghosh_2017/biomass_check/observed_vs_modeled_biomass.png,True,assets/Ghosh_2017/n2o_check/observed_vs_modeled_n2o.png,True
Ghosh_2018,assets/Ghosh_2018,assets/Ghosh_2018/somsc_check/somsc_check_summary.txt,assets/Ghosh_2018/biomass_check/biomass_check_summary.txt,assets/Ghosh_2018/n2o_check/n2o_check_summary.txt,RESULT: Model NEEDS INVESTIGATION - Base SOMSC is below SoilGrids observation (-58.66%).,RESULT: NEEDS INVESTIGATION - Model below observation and/or invalid comparison rows (see Point-wise delta).,RESULT: MODEL ONLY - No N2O flux observations in the observation file.,6,0,8,assets/Ghosh_2018/somsc_check/somsc_timeseries_spinup.png,True,assets/Ghosh_2018/somsc_check/somsc_timeseries_exp.png,True,assets/Ghosh_2018/somsc_check/observed_vs_modeled_somsc.png,False,assets/Ghosh_2018/biomass_check/observed_vs_modeled_biomass.png,True,assets/Ghosh_2018/n2o_check/observed_vs_modeled_n2o.png,True
Gopinath_2022,assets/Gopinath_2022,assets/Gopinath_2022/somsc_check/somsc_check_summary.txt,assets/Gopinath_2022/biomass_check/biomass_check_summary.txt,assets/Gopinath_2022/n2o_check/n2o_check_summary.txt,RESULT: Model NEEDS INVESTIGATION - Base SOMSC is below SoilGrids observation (-93.72%).,RESULT: MODEL ONLY - No biomass/grain observations in the observation file.,RESULT: MODEL ONLY - No N2O flux observations in the observation file.,9,0,11,assets/Gopinath_2022/somsc_check/somsc_timeseries_spinup.png,True,assets/Gopinath_2022/somsc_check/somsc_timeseries_exp.png,True,assets/Gopinath_2022/somsc_check/observed_vs_modeled_somsc.png,True,assets/Gopinath_2022/biomass_check/observed_vs_modeled_biomass.png,True,assets/Gopinath_2022/n2o_check/observed_vs_modeled_n2o.png,True
Govindasamy_2020,assets/Govindasamy_2020,assets/Govindasamy_2020/somsc_check/somsc_check_summary.txt,assets/Govindasamy_2020/biomass_check/biomass_check_summary.txt,assets/Govindasamy_2020/n2o_check/n2o_check_summary.txt,RESULT: Model NEEDS INVESTIGATION - Base SOMSC is below SoilGrids observation (-59.14%).,RESULT: CANNOT ASSESS - 'averaged_biomass_comparison.csv' was not found.,RESULT: MODEL ONLY - No N2O flux observations in the observation file.,2,0,4,assets/Govindasamy_2020/somsc_check/somsc_timeseries_spinup.png,True,assets/Govindasamy_2020/somsc_check/somsc_timeseries_exp.png,True,assets/Govindasamy_2020/somsc_check/observed_vs_modeled_somsc.png,True,assets/Govindasamy_2020/biomass_check/observed_vs_modeled_biomass.png,False,assets/Govindasamy_2020/n2o_check/observed_vs_modeled_n2o.png,True
Gudadhe_2015,assets/Gudadhe_2015,assets/Gudadhe_2015/somsc_check/somsc_check_summary.txt,assets/Gudadhe_2015/biomass_check/biomass_check_summary.txt,assets/Gudadhe_2015/n2o_check/n2o_check_summary.txt,RESULT: Model NEEDS INVESTIGATION - Base SOMSC is below SoilGrids observation (-86.50%).,RESULT: NEEDS INVESTIGATION - Model below observation and/or invalid comparison rows (see Point-wise delta).,RESULT: MODEL ONLY - No N2O flux observations in the observation file.,28,0,30,assets/Gudadhe_2015/somsc_check/somsc_timeseries_spinup.png,True,assets/Gudadhe_2015/somsc_check/somsc_timeseries_exp.png,True,assets/Gudadhe_2015/somsc_check/observed_vs_modeled_somsc.png,True,assets/Gudadhe_2015/biomass_check/observed_vs_modeled_biomass.png,True,assets/Gudadhe_2015/n2o_check/observed_vs_modeled_n2o.png,True
Hati_2015,assets/Hati_2015,assets/Hati_2015/somsc_check/somsc_check_summary.txt,assets/Hati_2015/biomass_check/biomass_check_summary.txt,assets/Hati_2015/n2o_check/n2o_check_summary.txt,RESULT: OK for Calibration - Base SOMSC meets or exceeds SoilGrids observation.,RESULT: NEEDS INVESTIGATION - Model below observation and/or invalid comparison rows (see Point-wise delta).,RESULT: MODEL ONLY - No N2O flux observations in the observation file.,10,0,12,assets/Hati_2015/somsc_check/somsc_timeseries_spinup.png,True,assets/Hati_2015/somsc_check/somsc_timeseries_exp.png,True,assets/Hati_2015/somsc_check/observed_vs_modeled_somsc.png,True,assets/Hati_2015/biomass_check/observed_vs_modeled_biomass.png,True,assets/Hati_2015/n2o_check/observed_vs_modeled_n2o.png,True
Hazra_2019,assets/Hazra_2019,assets/Hazra_2019/somsc_check/somsc_check_summary.txt,assets/Hazra_2019/biomass_check/biomass_check_summary.txt,assets/Hazra_2019/n2o_check/n2o_check_summary.txt,RESULT: Model NEEDS INVESTIGATION - Base SOMSC is below SoilGrids observation (-77.35%).,RESULT: MODEL ONLY - No biomass/grain observations in the observation file.,RESULT: MODEL ONLY - No N2O flux observations in the observation file.,12,0,14,assets/Hazra_2019/somsc_check/somsc_timeseries_spinup.png,True,assets/Hazra_2019/somsc_check/somsc_timeseries_exp.png,True,assets/Hazra_2019/somsc_check/observed_vs_modeled_somsc.png,True,assets/Hazra_2019/biomass_check/observed_vs_modeled_biomass.png,True,assets/Hazra_2019/n2o_check/observed_vs_modeled_n2o.png,True
Ishaq_2002,assets/Ishaq_2002,assets/Ishaq_2002/somsc_check/somsc_check_summary.txt,assets/Ishaq_2002/biomass_check/biomass_check_summary.txt,assets/Ishaq_2002/n2o_check/n2o_check_summary.txt,RESULT: Model NEEDS INVESTIGATION - Base SOMSC is below SoilGrids observation (-80.87%).,RESULT: NEEDS INVESTIGATION - Model below observation and/or invalid comparison rows (see Point-wise delta).,RESULT: MODEL ONLY - No N2O flux observations in the observation file.,9,0,11,assets/Ishaq_2002/somsc_check/somsc_timeseries_spinup.png,True,assets/Ishaq_2002/somsc_check/somsc_timeseries_exp.png,True,assets/Ishaq_2002/somsc_check/observed_vs_modeled_somsc.png,True,assets/Ishaq_2002/biomass_check/observed_vs_modeled_biomass.png,True,assets/Ishaq_2002/n2o_check/observed_vs_modeled_n2o.png,True
Jain_2018,assets/Jain_2018,assets/Jain_2018/somsc_check/somsc_check_summary.txt,assets/Jain_2018/biomass_check/biomass_check_summary.txt,assets/Jain_2018/n2o_check/n2o_check_summary.txt,RESULT: Model NEEDS INVESTIGATION - Base SOMSC is below SoilGrids observation (-96.26%).,RESULT: MODEL ONLY - No biomass/grain observations in the observation file.,RESULT: MODEL ONLY - No N2O flux observations in the observation file.,11,0,13,assets/Jain_2018/somsc_check/somsc_timeseries_spinup.png,True,assets/Jain_2018/somsc_check/somsc_timeseries_exp.png,True,assets/Jain_2018/somsc_check/observed_vs_modeled_somsc.png,True,assets/Jain_2018/biomass_check/observed_vs_modeled_biomass.png,True,assets/Jain_2018/n2o_check/observed_vs_modeled_n2o.png,True
Jat_2024,assets/Jat_2024,assets/Jat_2024/somsc_check/somsc_check_summary.txt,assets/Jat_2024/biomass_check/biomass_check_summary.txt,assets/Jat_2024/n2o_check/n2o_check_summary.txt,RESULT: Model NEEDS INVESTIGATION - Base SOMSC is below SoilGrids observation (-74.70%).,RESULT: MODEL ONLY - No biomass/grain observations in the observation file.,RESULT: MODEL ONLY - No N2O flux observations in the observation file.,18,0,20,assets/Jat_2024/somsc_check/somsc_timeseries_spinup.png,True,assets/Jat_2024/somsc_check/somsc_timeseries_exp.png,True,assets/Jat_2024/somsc_check/observed_vs_modeled_somsc.png,False,assets/Jat_2024/biomass_check/observed_vs_modeled_biomass.png,True,assets/Jat_2024/n2o_check/observed_vs_modeled_n2o.png,True
Jayaraman_2020,assets/Jayaraman_2020,assets/Jayaraman_2020/somsc_check/somsc_check_summary.txt,assets/Jayaraman_2020/biomass_check/biomass_check_summary.txt,assets/Jayaraman_2020/n2o_check/n2o_check_summary.txt,RESULT: Model NEEDS INVESTIGATION - Base SOMSC is below SoilGrids observation (-75.59%).,RESULT: MODEL ONLY - No biomass/grain observations in the observation file.,RESULT: MODEL ONLY - No N2O flux observations in the observation file.,8,0,10,assets/Jayaraman_2020/somsc_check/somsc_timeseries_spinup.png,True,assets/Jayaraman_2020/somsc_check/somsc_timeseries_exp.png,True,assets/Jayaraman_2020/somsc_check/observed_vs_modeled_somsc.png,True,assets/Jayaraman_2020/biomass_check/observed_vs_modeled_biomass.png,True,assets/Jayaraman_2020/n2o_check/observed_vs_modeled_n2o.png,True
Jayaraman_2022,assets/Jayaraman_2022,assets/Jayaraman_2022/somsc_check/somsc_check_summary.txt,assets/Jayaraman_2022/biomass_check/biomass_check_summary.txt,assets/Jayaraman_2022/n2o_check/n2o_check_summary.txt,,,,0,0,0,assets/Jayaraman_2022/somsc_check/somsc_timeseries_spinup.png,False,assets/Jayaraman_2022/somsc_check/somsc_timeseries_exp.png,False,assets/Jayaraman_2022/somsc_check/observed_vs_modeled_somsc.png,False,assets/Jayaraman_2022/biomass_check/observed_vs_modeled_biomass.png,False,assets/Jayaraman_2022/n2o_check/observed_vs_modeled_n2o.png,False
Joseph_2023a,assets/Joseph_2023a,assets/Joseph_2023a/somsc_check/somsc_check_summary.txt,assets/Joseph_2023a/biomass_check/biomass_check_summary.txt,assets/Joseph_2023a/n2o_check/n2o_check_summary.txt,RESULT: OK for Calibration - Base SOMSC meets or exceeds SoilGrids observation.,RESULT: NEEDS INVESTIGATION - Model below observation and/or invalid comparison rows (see Point-wise delta).,RESULT: MODEL ONLY - No N2O flux observations in the observation file.,5,0,7,assets/Joseph_2023a/somsc_check/somsc_timeseries_spinup.png,True,assets/Joseph_2023a/somsc_check/somsc_timeseries_exp.png,True,assets/Joseph_2023a/somsc_check/observed_vs_modeled_somsc.png,True,assets/Joseph_2023a/biomass_check/observed_vs_modeled_biomass.png,True,assets/Joseph_2023a/n2o_check/observed_vs_modeled_n2o.png,True
Joseph_2023b,assets/Joseph_2023b,assets/Joseph_2023b/somsc_check/somsc_check_summary.txt,assets/Joseph_2023b/biomass_check/biomass_check_summary.txt,assets/Joseph_2023b/n2o_check/n2o_check_summary.txt,RESULT: OK for Calibration - Base SOMSC meets or exceeds SoilGrids observation.,RESULT: MODEL ONLY - No biomass/grain observations in the observation file.,RESULT: MODEL ONLY - No N2O flux observations in the observation file.,3,0,5,assets/Joseph_2023b/somsc_check/somsc_timeseries_spinup.png,True,assets/Joseph_2023b/somsc_check/somsc_timeseries_exp.png,True,assets/Joseph_2023b/somsc_check/observed_vs_modeled_somsc.png,True,assets/Joseph_2023b/biomass_check/observed_vs_modeled_biomass.png,True,assets/Joseph_2023b/n2o_check/observed_vs_modeled_n2o.png,True
Kalyani_2019,assets/Kalyani_2019,assets/Kalyani_2019/somsc_check/somsc_check_summary.txt,assets/Kalyani_2019/biomass_check/biomass_check_summary.txt,assets/Kalyani_2019/n2o_check/n2o_check_summary.txt,RESULT: Model NEEDS INVESTIGATION - Base SOMSC is below SoilGrids observation (-72.48%).,RESULT: NEEDS INVESTIGATION - Model below observation and/or invalid comparison rows (see Point-wise delta).,RESULT: MODEL ONLY - No N2O flux observations in the observation file.,6,0,8,assets/Kalyani_2019/somsc_check/somsc_timeseries_spinup.png,True,assets/Kalyani_2019/somsc_check/somsc_timeseries_exp.png,True,assets/Kalyani_2019/somsc_check/observed_vs_modeled_somsc.png,True,assets/Kalyani_2019/biomass_check/observed_vs_modeled_biomass.png,True,assets/Kalyani_2019/n2o_check/observed_vs_modeled_n2o.png,True
Kanchikerimath_2001,assets/Kanchikerimath_2001,assets/Kanchikerimath_2001/somsc_check/somsc_check_summary.txt,assets/Kanchikerimath_2001/biomass_check/biomass_check_summary.txt,assets/Kanchikerimath_2001/n2o_check/n2o_check_summary.txt,RESULT: OK for Calibration - Base SOMSC meets or exceeds SoilGrids observation.,RESULT: MODEL ONLY - No biomass/grain observations in the observation file.,RESULT: MODEL ONLY - No N2O flux observations in the observation file.,5,0,7,assets/Kanchikerimath_2001/somsc_check/somsc_timeseries_spinup.png,True,assets/Kanchikerimath_2001/somsc_check/somsc_timeseries_exp.png,True,assets/Kanchikerimath_2001/somsc_check/observed_vs_modeled_somsc.png,True,assets/Kanchikerimath_2001/biomass_check/observed_vs_modeled_biomass.png,True,assets/Kanchikerimath_2001/n2o_check/observed_vs_modeled_n2o.png,True
Karunakaran_2013,assets/Karunakaran_2013,assets/Karunakaran_2013/somsc_check/somsc_check_summary.txt,assets/Karunakaran_2013/biomass_check/biomass_check_summary.txt,assets/Karunakaran_2013/n2o_check/n2o_check_summary.txt,RESULT: Model NEEDS INVESTIGATION - Base SOMSC is below SoilGrids observation (-49.96%).,RESULT: NEEDS INVESTIGATION - Model below observation and/or invalid comparison rows (see Point-wise delta).,RESULT: MODEL ONLY - No N2O flux observations in the observation file.,16,0,18,assets/Karunakaran_2013/somsc_check/somsc_timeseries_spinup.png,True,assets/Karunakaran_2013/somsc_check/somsc_timeseries_exp.png,True,assets/Karunakaran_2013/somsc_check/observed_vs_modeled_somsc.png,True,assets/Karunakaran_2013/biomass_check/observed_vs_modeled_biomass.png,True,assets/Karunakaran_2013/n2o_check/observed_vs_modeled_n2o.png,True
Khan_2021,assets/Khan_2021,assets/Khan_2021/somsc_check/somsc_check_summary.txt,assets/Khan_2021/biomass_check/biomass_check_summary.txt,assets/Khan_2021/n2o_check/n2o_check_summary.txt,RESULT: Model NEEDS INVESTIGATION - Base SOMSC is below SoilGrids observation (-5.21%).,RESULT: NEEDS INVESTIGATION - Model below observation and/or invalid comparison rows (see Point-wise delta).,,0,0,10,assets/Khan_2021/somsc_check/somsc_timeseries_spinup.png,True,assets/Khan_2021/somsc_check/somsc_timeseries_exp.png,True,assets/Khan_2021/somsc_check/observed_vs_modeled_somsc.png,False,assets/Khan_2021/biomass_check/observed_vs_modeled_biomass.png,True,assets/Khan_2021/n2o_check/observed_vs_modeled_n2o.png,False
Khokhar_2022,assets/Khokhar_2022,assets/Khokhar_2022/somsc_check/somsc_check_summary.txt,assets/Khokhar_2022/biomass_check/biomass_check_summary.txt,assets/Khokhar_2022/n2o_check/n2o_check_summary.txt,RESULT: Model NEEDS INVESTIGATION - Base SOMSC is below SoilGrids observation (-88.17%).,RESULT: CANNOT ASSESS - 'averaged_biomass_comparison.csv' was not found.,RESULT: MODEL ONLY - No N2O flux observations in the observation file.,6,0,8,assets/Khokhar_2022/somsc_check/somsc_timeseries_spinup.png,True,assets/Khokhar_2022/somsc_check/somsc_timeseries_exp.png,True,assets/Khokhar_2022/somsc_check/observed_vs_modeled_somsc.png,True,assets/Khokhar_2022/biomass_check/observed_vs_modeled_biomass.png,False,assets/Khokhar_2022/n2o_check/observed_vs_modeled_n2o.png,True
Kumar_2016,assets/Kumar_2016,assets/Kumar_2016/somsc_check/somsc_check_summary.txt,assets/Kumar_2016/biomass_check/biomass_check_summary.txt,assets/Kumar_2016/n2o_check/n2o_check_summary.txt,RESULT: Model NEEDS INVESTIGATION - Base SOMSC is below SoilGrids observation (-2.82%).,RESULT: MODEL ONLY - No biomass/grain observations in the observation file.,RESULT: MODEL ONLY - No N2O flux observations in the observation file.,16,0,18,assets/Kumar_2016/somsc_check/somsc_timeseries_spinup.png,True,assets/Kumar_2016/somsc_check/somsc_timeseries_exp.png,True,assets/Kumar_2016/somsc_check/observed_vs_modeled_somsc.png,True,assets/Kumar_2016/biomass_check/observed_vs_modeled_biomass.png,True,assets/Kumar_2016/n2o_check/observed_vs_modeled_n2o.png,True
Kumar_2017,assets/Kumar_2017,assets/Kumar_2017/somsc_check/somsc_check_summary.txt,assets/Kumar_2017/biomass_check/biomass_check_summary.txt,assets/Kumar_2017/n2o_check/n2o_check_summary.txt,RESULT: Model NEEDS INVESTIGATION - Base SOMSC is below SoilGrids observation (-100.00%).,RESULT: MODEL ONLY - No biomass/grain observations in the observation file.,RESULT: MODEL ONLY - No N2O flux observations in the observation file.,8,0,10,assets/Kumar_2017/somsc_check/somsc_timeseries_spinup.png,True,assets/Kumar_2017/somsc_check/somsc_timeseries_exp.png,True,assets/Kumar_2017/somsc_check/observed_vs_modeled_somsc.png,False,assets/Kumar_2017/biomass_check/observed_vs_modeled_biomass.png,True,assets/Kumar_2017/n2o_check/observed_vs_modeled_n2o.png,True
Kumar_2022,assets/Kumar_2022,assets/Kumar_2022/somsc_check/somsc_check_summary.txt,assets/Kumar_2022/biomass_check/biomass_check_summary.txt,assets/Kumar_2022/n2o_check/n2o_check_summary.txt,RESULT: Model NEEDS INVESTIGATION - Base SOMSC is below SoilGrids observation (-86.68%).,RESULT: MODEL ONLY - No biomass/grain observations in the observation file.,RESULT: MODEL ONLY - No N2O flux observations in the observation file.,9,0,11,assets/Kumar_2022/somsc_check/somsc_timeseries_spinup.png,True,assets/Kumar_2022/somsc_check/somsc_timeseries_exp.png,True,assets/Kumar_2022/somsc_check/observed_vs_modeled_somsc.png,False,assets/Kumar_2022/biomass_check/observed_vs_modeled_biomass.png,True,assets/Kumar_2022/n2o_check/observed_vs_modeled_n2o.png,True
Kundu_2013,assets/Kundu_2013,assets/Kundu_2013/somsc_check/somsc_check_summary.txt,assets/Kundu_2013/biomass_check/biomass_check_summary.txt,assets/Kundu_2013/n2o_check/n2o_check_summary.txt,RESULT: Model NEEDS INVESTIGATION - Base SOMSC is below SoilGrids observation (-84.56%).,RESULT: NEEDS INVESTIGATION - Model below observation and/or invalid comparison rows (see Point-wise delta).,RESULT: MODEL ONLY - No N2O flux observations in the observation file.,16,0,18,assets/Kundu_2013/somsc_check/somsc_timeseries_spinup.png,True,assets/Kundu_2013/somsc_check/somsc_timeseries_exp.png,True,assets/Kundu_2013/somsc_check/observed_vs_modeled_somsc.png,False,assets/Kundu_2013/biomass_check/observed_vs_modeled_biomass.png,True,assets/Kundu_2013/n2o_check/observed_vs_modeled_n2o.png,True
Laskhman_2024,assets/Laskhman_2024,assets/Laskhman_2024/somsc_check/somsc_check_summary.txt,assets/Laskhman_2024/biomass_check/biomass_check_summary.txt,assets/Laskhman_2024/n2o_check/n2o_check_summary.txt,RESULT: Model NEEDS INVESTIGATION - Base SOMSC is below SoilGrids observation (-97.42%).,RESULT: CANNOT ASSESS - 'averaged_biomass_comparison.csv' was not found.,RESULT: MODEL ONLY - No N2O flux observations in the observation file.,4,0,6,assets/Laskhman_2024/somsc_check/somsc_timeseries_spinup.png,True,assets/Laskhman_2024/somsc_check/somsc_timeseries_exp.png,True,assets/Laskhman_2024/somsc_check/observed_vs_modeled_somsc.png,False,assets/Laskhman_2024/biomass_check/observed_vs_modeled_biomass.png,False,assets/Laskhman_2024/n2o_check/observed_vs_modeled_n2o.png,True
Lenka_2016,assets/Lenka_2016,assets/Lenka_2016/somsc_check/somsc_check_summary.txt,assets/Lenka_2016/biomass_check/biomass_check_summary.txt,assets/Lenka_2016/n2o_check/n2o_check_summary.txt,RESULT: Model NEEDS INVESTIGATION - Base SOMSC is below SoilGrids observation (-35.64%).,RESULT: CANNOT ASSESS - 'averaged_biomass_comparison.csv' was not found.,RESULT: NEEDS INVESTIGATION - One or more points overestimate observed N2O by more than 50% and/or invalid comparison rows (see Point-wise delta).,3,0,5,assets/Lenka_2016/somsc_check/somsc_timeseries_spinup.png,True,assets/Lenka_2016/somsc_check/somsc_timeseries_exp.png,True,assets/Lenka_2016/somsc_check/observed_vs_modeled_somsc.png,True,assets/Lenka_2016/biomass_check/observed_vs_modeled_biomass.png,False,assets/Lenka_2016/n2o_check/observed_vs_modeled_n2o.png,True
Lenka_2022,assets/Lenka_2022,assets/Lenka_2022/somsc_check/somsc_check_summary.txt,assets/Lenka_2022/biomass_check/biomass_check_summary.txt,assets/Lenka_2022/n2o_check/n2o_check_summary.txt,RESULT: Model NEEDS INVESTIGATION - Base SOMSC is below SoilGrids observation (-70.03%).,RESULT: NEEDS INVESTIGATION - Model below observation and/or invalid comparison rows (see Point-wise delta).,RESULT: NEEDS INVESTIGATION - One or more points overestimate observed N2O by more than 50% and/or invalid comparison rows (see Point-wise delta).,6,0,8,assets/Lenka_2022/somsc_check/somsc_timeseries_spinup.png,True,assets/Lenka_2022/somsc_check/somsc_timeseries_exp.png,True,assets/Lenka_2022/somsc_check/observed_vs_modeled_somsc.png,True,assets/Lenka_2022/biomass_check/observed_vs_modeled_biomass.png,True,assets/Lenka_2022/n2o_check/observed_vs_modeled_n2o.png,True
Locke_2012,assets/Locke_2012,assets/Locke_2012/somsc_check/somsc_check_summary.txt,assets/Locke_2012/biomass_check/biomass_check_summary.txt,assets/Locke_2012/n2o_check/n2o_check_summary.txt,RESULT: Model NEEDS INVESTIGATION - Base SOMSC is below SoilGrids observation (-10.73%).,RESULT: MODEL ONLY - No biomass/grain observations in the observation file.,RESULT: MODEL ONLY - No N2O flux observations in the observation file.,6,0,8,assets/Locke_2012/somsc_check/somsc_timeseries_spinup.png,True,assets/Locke_2012/somsc_check/somsc_timeseries_exp.png,True,assets/Locke_2012/somsc_check/observed_vs_modeled_somsc.png,True,assets/Locke_2012/biomass_check/observed_vs_modeled_biomass.png,True,assets/Locke_2012/n2o_check/observed_vs_modeled_n2o.png,True
Lv_2021,assets/Lv_2021,assets/Lv_2021/somsc_check/somsc_check_summary.txt,assets/Lv_2021/biomass_check/biomass_check_summary.txt,assets/Lv_2021/n2o_check/n2o_check_summary.txt,RESULT: Model NEEDS INVESTIGATION - Base SOMSC is below SoilGrids observation (-74.88%).,RESULT: NEEDS INVESTIGATION - Model below observation and/or invalid comparison rows (see Point-wise delta).,RESULT: NEEDS INVESTIGATION - One or more points overestimate observed N2O by more than 50% and/or invalid comparison rows (see Point-wise delta).,5,0,7,assets/Lv_2021/somsc_check/somsc_timeseries_spinup.png,True,assets/Lv_2021/somsc_check/somsc_timeseries_exp.png,True,assets/Lv_2021/somsc_check/observed_vs_modeled_somsc.png,False,assets/Lv_2021/biomass_check/observed_vs_modeled_biomass.png,True,assets/Lv_2021/n2o_check/observed_vs_modeled_n2o.png,True
Ma_2021,assets/Ma_2021,assets/Ma_2021/somsc_check/somsc_check_summary.txt,assets/Ma_2021/biomass_check/biomass_check_summary.txt,assets/Ma_2021/n2o_check/n2o_check_summary.txt,RESULT: Model NEEDS INVESTIGATION - Base SOMSC is below SoilGrids observation (-45.07%).,RESULT: NEEDS INVESTIGATION - Model below observation and/or invalid comparison rows (see Point-wise delta).,RESULT: NEEDS INVESTIGATION - One or more points overestimate observed N2O by more than 50% and/or invalid comparison rows (see Point-wise delta).,5,0,7,assets/Ma_2021/somsc_check/somsc_timeseries_spinup.png,True,assets/Ma_2021/somsc_check/somsc_timeseries_exp.png,True,assets/Ma_2021/somsc_check/observed_vs_modeled_somsc.png,True,assets/Ma_2021/biomass_check/observed_vs_modeled_biomass.png,True,assets/Ma_2021/n2o_check/observed_vs_modeled_n2o.png,True
Manna_2013,assets/Manna_2013,assets/Manna_2013/somsc_check/somsc_check_summary.txt,assets/Manna_2013/biomass_check/biomass_check_summary.txt,assets/Manna_2013/n2o_check/n2o_check_summary.txt,RESULT: Model NEEDS INVESTIGATION - Base SOMSC is below SoilGrids observation (-70.63%).,RESULT: MODEL ONLY - No biomass/grain observations in the observation file.,RESULT: MODEL ONLY - No N2O flux observations in the observation file.,5,0,7,assets/Manna_2013/somsc_check/somsc_timeseries_spinup.png,True,assets/Manna_2013/somsc_check/somsc_timeseries_exp.png,True,assets/Manna_2013/somsc_check/observed_vs_modeled_somsc.png,True,assets/Manna_2013/biomass_check/observed_vs_modeled_biomass.png,True,assets/Manna_2013/n2o_check/observed_vs_modeled_n2o.png,True
Meena_2015,assets/Meena_2015,assets/Meena_2015/somsc_check/somsc_check_summary.txt,assets/Meena_2015/biomass_check/biomass_check_summary.txt,assets/Meena_2015/n2o_check/n2o_check_summary.txt,RESULT: Model NEEDS INVESTIGATION - Base SOMSC is below SoilGrids observation (-57.58%).,RESULT: CANNOT ASSESS - 'averaged_biomass_comparison.csv' was not found.,RESULT: MODEL ONLY - No N2O flux observations in the observation file.,16,0,18,assets/Meena_2015/somsc_check/somsc_timeseries_spinup.png,True,assets/Meena_2015/somsc_check/somsc_timeseries_exp.png,True,assets/Meena_2015/somsc_check/observed_vs_modeled_somsc.png,True,assets/Meena_2015/biomass_check/observed_vs_modeled_biomass.png,False,assets/Meena_2015/n2o_check/observed_vs_modeled_n2o.png,True
Meena_2023,assets/Meena_2023,assets/Meena_2023/somsc_check/somsc_check_summary.txt,assets/Meena_2023/biomass_check/biomass_check_summary.txt,assets/Meena_2023/n2o_check/n2o_check_summary.txt,RESULT: Model NEEDS INVESTIGATION - Base SOMSC is below SoilGrids observation (-84.87%).,RESULT: NEEDS INVESTIGATION - Model below observation and/or invalid comparison rows (see Point-wise delta).,,0,0,7,assets/Meena_2023/somsc_check/somsc_timeseries_spinup.png,True,assets/Meena_2023/somsc_check/somsc_timeseries_exp.png,True,assets/Meena_2023/somsc_check/observed_vs_modeled_somsc.png,False,assets/Meena_2023/biomass_check/observed_vs_modeled_biomass.png,True,assets/Meena_2023/n2o_check/observed_vs_modeled_n2o.png,False
Meena_2024,assets/Meena_2024,assets/Meena_2024/somsc_check/somsc_check_summary.txt,assets/Meena_2024/biomass_check/biomass_check_summary.txt,assets/Meena_2024/n2o_check/n2o_check_summary.txt,RESULT: Model NEEDS INVESTIGATION - Base SOMSC is below SoilGrids observation (-83.78%).,RESULT: MODEL ONLY - No biomass/grain observations in the observation file.,RESULT: MODEL ONLY - No N2O flux observations in the observation file.,5,0,7,assets/Meena_2024/somsc_check/somsc_timeseries_spinup.png,True,assets/Meena_2024/somsc_check/somsc_timeseries_exp.png,True,assets/Meena_2024/somsc_check/observed_vs_modeled_somsc.png,True,assets/Meena_2024/biomass_check/observed_vs_modeled_biomass.png,True,assets/Meena_2024/n2o_check/observed_vs_modeled_n2o.png,True
Moharana_2017,assets/Moharana_2017,assets/Moharana_2017/somsc_check/somsc_check_summary.txt,assets/Moharana_2017/biomass_check/biomass_check_summary.txt,assets/Moharana_2017/n2o_check/n2o_check_summary.txt,RESULT: Model NEEDS INVESTIGATION - Base SOMSC is below SoilGrids observation (-88.51%).,RESULT: MODEL ONLY - No biomass/grain observations in the observation file.,RESULT: MODEL ONLY - No N2O flux observations in the observation file.,5,0,7,assets/Moharana_2017/somsc_check/somsc_timeseries_spinup.png,True,assets/Moharana_2017/somsc_check/somsc_timeseries_exp.png,True,assets/Moharana_2017/somsc_check/observed_vs_modeled_somsc.png,False,assets/Moharana_2017/biomass_check/observed_vs_modeled_biomass.png,True,assets/Moharana_2017/n2o_check/observed_vs_modeled_n2o.png,True
Monsefi_2014,assets/Monsefi_2014,assets/Monsefi_2014/somsc_check/somsc_check_summary.txt,assets/Monsefi_2014/biomass_check/biomass_check_summary.txt,assets/Monsefi_2014/n2o_check/n2o_check_summary.txt,RESULT: Model NEEDS INVESTIGATION - Base SOMSC is below SoilGrids observation (-92.03%).,RESULT: NEEDS INVESTIGATION - Model below observation and/or invalid comparison rows (see Point-wise delta).,RESULT: MODEL ONLY - No N2O flux observations in the observation file.,12,0,14,assets/Monsefi_2014/somsc_check/somsc_timeseries_spinup.png,True,assets/Monsefi_2014/somsc_check/somsc_timeseries_exp.png,True,assets/Monsefi_2014/somsc_check/observed_vs_modeled_somsc.png,True,assets/Monsefi_2014/biomass_check/observed_vs_modeled_biomass.png,True,assets/Monsefi_2014/n2o_check/observed_vs_modeled_n2o.png,True
Nath_2022,assets/Nath_2022,assets/Nath_2022/somsc_check/somsc_check_summary.txt,assets/Nath_2022/biomass_check/biomass_check_summary.txt,assets/Nath_2022/n2o_check/n2o_check_summary.txt,RESULT: Model NEEDS INVESTIGATION - Base SOMSC is below SoilGrids observation (-68.80%).,RESULT: CANNOT ASSESS - 'averaged_biomass_comparison.csv' was not found.,RESULT: CANNOT ASSESS - Comparison CSV not found (extract_N2O failed).,0,0,6,assets/Nath_2022/somsc_check/somsc_timeseries_spinup.png,True,assets/Nath_2022/somsc_check/somsc_timeseries_exp.png,True,assets/Nath_2022/somsc_check/observed_vs_modeled_somsc.png,False,assets/Nath_2022/biomass_check/observed_vs_modeled_biomass.png,False,assets/Nath_2022/n2o_check/observed_vs_modeled_n2o.png,False
Pandian_2016,assets/Pandian_2016,assets/Pandian_2016/somsc_check/somsc_check_summary.txt,assets/Pandian_2016/biomass_check/biomass_check_summary.txt,assets/Pandian_2016/n2o_check/n2o_check_summary.txt,RESULT: Model NEEDS INVESTIGATION - Base SOMSC is below SoilGrids observation (-98.94%).,RESULT: NEEDS INVESTIGATION - Model below observation and/or invalid comparison rows (see Point-wise delta).,RESULT: MODEL ONLY - No N2O flux observations in the observation file.,9,0,11,assets/Pandian_2016/somsc_check/somsc_timeseries_spinup.png,True,assets/Pandian_2016/somsc_check/somsc_timeseries_exp.png,True,assets/Pandian_2016/somsc_check/observed_vs_modeled_somsc.png,True,assets/Pandian_2016/biomass_check/observed_vs_modeled_biomass.png,True,assets/Pandian_2016/n2o_check/observed_vs_modeled_n2o.png,True
Parihar_2016,assets/Parihar_2016,assets/Parihar_2016/somsc_check/somsc_check_summary.txt,assets/Parihar_2016/biomass_check/biomass_check_summary.txt,assets/Parihar_2016/n2o_check/n2o_check_summary.txt,RESULT: OK for Calibration - Base SOMSC meets or exceeds SoilGrids observation.,RESULT: MODEL ONLY - No biomass/grain observations in the observation file.,RESULT: MODEL ONLY - No N2O flux observations in the observation file.,12,0,14,assets/Parihar_2016/somsc_check/somsc_timeseries_spinup.png,True,assets/Parihar_2016/somsc_check/somsc_timeseries_exp.png,True,assets/Parihar_2016/somsc_check/observed_vs_modeled_somsc.png,False,assets/Parihar_2016/biomass_check/observed_vs_modeled_biomass.png,True,assets/Parihar_2016/n2o_check/observed_vs_modeled_n2o.png,True
Parihar_2018,assets/Parihar_2018,assets/Parihar_2018/somsc_check/somsc_check_summary.txt,assets/Parihar_2018/biomass_check/biomass_check_summary.txt,assets/Parihar_2018/n2o_check/n2o_check_summary.txt,RESULT: OK for Calibration - Base SOMSC meets or exceeds SoilGrids observation.,RESULT: MODEL ONLY - No biomass/grain observations in the observation file.,RESULT: NEEDS INVESTIGATION - One or more points overestimate observed N2O by more than 50% and/or invalid comparison rows (see Point-wise delta).,12,0,14,assets/Parihar_2018/somsc_check/somsc_timeseries_spinup.png,True,assets/Parihar_2018/somsc_check/somsc_timeseries_exp.png,True,assets/Parihar_2018/somsc_check/observed_vs_modeled_somsc.png,True,assets/Parihar_2018/biomass_check/observed_vs_modeled_biomass.png,True,assets/Parihar_2018/n2o_check/observed_vs_modeled_n2o.png,True
Pathak_2021,assets/Pathak_2021,assets/Pathak_2021/somsc_check/somsc_check_summary.txt,assets/Pathak_2021/biomass_check/biomass_check_summary.txt,assets/Pathak_2021/n2o_check/n2o_check_summary.txt,RESULT: Model NEEDS INVESTIGATION - Base SOMSC is below SoilGrids observation (-62.07%).,RESULT: MODEL ONLY - No biomass/grain observations in the observation file.,RESULT: MODEL ONLY - No N2O flux observations in the observation file.,1,0,3,assets/Pathak_2021/somsc_check/somsc_timeseries_spinup.png,True,assets/Pathak_2021/somsc_check/somsc_timeseries_exp.png,True,assets/Pathak_2021/somsc_check/observed_vs_modeled_somsc.png,True,assets/Pathak_2021/biomass_check/observed_vs_modeled_biomass.png,True,assets/Pathak_2021/n2o_check/observed_vs_modeled_n2o.png,True
Peng-peng_2019,assets/Peng-peng_2019,assets/Peng-peng_2019/somsc_check/somsc_check_summary.txt,assets/Peng-peng_2019/biomass_check/biomass_check_summary.txt,assets/Peng-peng_2019/n2o_check/n2o_check_summary.txt,RESULT: Model NEEDS INVESTIGATION - Base SOMSC is below SoilGrids observation (-81.31%).,RESULT: NEEDS INVESTIGATION - Model below observation and/or invalid comparison rows (see Point-wise delta).,RESULT: MODEL ONLY - No N2O flux observations in the observation file.,6,0,8,assets/Peng-peng_2019/somsc_check/somsc_timeseries_spinup.png,True,assets/Peng-peng_2019/somsc_check/somsc_timeseries_exp.png,True,assets/Peng-peng_2019/somsc_check/observed_vs_modeled_somsc.png,True,assets/Peng-peng_2019/biomass_check/observed_vs_modeled_biomass.png,True,assets/Peng-peng_2019/n2o_check/observed_vs_modeled_n2o.png,True
Pooniya_2021,assets/Pooniya_2021,assets/Pooniya_2021/somsc_check/somsc_check_summary.txt,assets/Pooniya_2021/biomass_check/biomass_check_summary.txt,assets/Pooniya_2021/n2o_check/n2o_check_summary.txt,RESULT: OK for Calibration - Base SOMSC meets or exceeds SoilGrids observation.,RESULT: NEEDS INVESTIGATION - Model below observation and/or invalid comparison rows (see Point-wise delta).,RESULT: MODEL ONLY - No N2O flux observations in the observation file.,9,0,11,assets/Pooniya_2021/somsc_check/somsc_timeseries_spinup.png,True,assets/Pooniya_2021/somsc_check/somsc_timeseries_exp.png,True,assets/Pooniya_2021/somsc_check/observed_vs_modeled_somsc.png,True,assets/Pooniya_2021/biomass_check/observed_vs_modeled_biomass.png,True,assets/Pooniya_2021/n2o_check/observed_vs_modeled_n2o.png,True
Pradhan_2023,assets/Pradhan_2023,assets/Pradhan_2023/somsc_check/somsc_check_summary.txt,assets/Pradhan_2023/biomass_check/biomass_check_summary.txt,assets/Pradhan_2023/n2o_check/n2o_check_summary.txt,RESULT: Model NEEDS INVESTIGATION - Base SOMSC is below SoilGrids observation (-45.97%).,RESULT: MODEL ONLY - No biomass/grain observations in the observation file.,RESULT: MODEL ONLY - No N2O flux observations in the observation file.,6,0,8,assets/Pradhan_2023/somsc_check/somsc_timeseries_spinup.png,True,assets/Pradhan_2023/somsc_check/somsc_timeseries_exp.png,True,assets/Pradhan_2023/somsc_check/observed_vs_modeled_somsc.png,False,assets/Pradhan_2023/biomass_check/observed_vs_modeled_biomass.png,True,assets/Pradhan_2023/n2o_check/observed_vs_modeled_n2o.png,True
Purakayastha_2008,assets/Purakayastha_2008,assets/Purakayastha_2008/somsc_check/somsc_check_summary.txt,assets/Purakayastha_2008/biomass_check/biomass_check_summary.txt,assets/Purakayastha_2008/n2o_check/n2o_check_summary.txt,RESULT: Model NEEDS INVESTIGATION - Base SOMSC is below SoilGrids observation (-61.44%).,RESULT: MODEL ONLY - No biomass/grain observations in the observation file.,RESULT: MODEL ONLY - No N2O flux observations in the observation file.,5,0,7,assets/Purakayastha_2008/somsc_check/somsc_timeseries_spinup.png,True,assets/Purakayastha_2008/somsc_check/somsc_timeseries_exp.png,True,assets/Purakayastha_2008/somsc_check/observed_vs_modeled_somsc.png,True,assets/Purakayastha_2008/biomass_check/observed_vs_modeled_biomass.png,True,assets/Purakayastha_2008/n2o_check/observed_vs_modeled_n2o.png,True
Rafique_2012_awagat,assets/Rafique_2012_awagat,assets/Rafique_2012_awagat/somsc_check/somsc_check_summary.txt,assets/Rafique_2012_awagat/biomass_check/biomass_check_summary.txt,assets/Rafique_2012_awagat/n2o_check/n2o_check_summary.txt,RESULT: Model NEEDS INVESTIGATION - Base SOMSC is below SoilGrids observation (-76.84%).,RESULT: NEEDS INVESTIGATION - Model below observation and/or invalid comparison rows (see Point-wise delta).,RESULT: MODEL ONLY - No N2O flux observations in the observation file.,16,0,18,assets/Rafique_2012_awagat/somsc_check/somsc_timeseries_spinup.png,True,assets/Rafique_2012_awagat/somsc_check/somsc_timeseries_exp.png,True,assets/Rafique_2012_awagat/somsc_check/observed_vs_modeled_somsc.png,False,assets/Rafique_2012_awagat/biomass_check/observed_vs_modeled_biomass.png,True,assets/Rafique_2012_awagat/n2o_check/observed_vs_modeled_n2o.png,True
Rafique_2012_shahpur,assets/Rafique_2012_shahpur,assets/Rafique_2012_shahpur/somsc_check/somsc_check_summary.txt,assets/Rafique_2012_shahpur/biomass_check/biomass_check_summary.txt,assets/Rafique_2012_shahpur/n2o_check/n2o_check_summary.txt,RESULT: Model NEEDS INVESTIGATION - Base SOMSC is below SoilGrids observation (-74.24%).,RESULT: NEEDS INVESTIGATION - Model below observation and/or invalid comparison rows (see Point-wise delta).,RESULT: MODEL ONLY - No N2O flux observations in the observation file.,16,0,18,assets/Rafique_2012_shahpur/somsc_check/somsc_timeseries_spinup.png,True,assets/Rafique_2012_shahpur/somsc_check/somsc_timeseries_exp.png,True,assets/Rafique_2012_shahpur/somsc_check/observed_vs_modeled_somsc.png,False,assets/Rafique_2012_shahpur/biomass_check/observed_vs_modeled_biomass.png,True,assets/Rafique_2012_shahpur/n2o_check/observed_vs_modeled_n2o.png,True
Ram_2013,assets/Ram_2013,assets/Ram_2013/somsc_check/somsc_check_summary.txt,assets/Ram_2013/biomass_check/biomass_check_summary.txt,assets/Ram_2013/n2o_check/n2o_check_summary.txt,RESULT: Model NEEDS INVESTIGATION - Base SOMSC is below SoilGrids observation (-89.50%).,RESULT: CANNOT ASSESS - 'averaged_biomass_comparison.csv' was not found.,RESULT: MODEL ONLY - No N2O flux observations in the observation file.,8,0,10,assets/Ram_2013/somsc_check/somsc_timeseries_spinup.png,True,assets/Ram_2013/somsc_check/somsc_timeseries_exp.png,True,assets/Ram_2013/somsc_check/observed_vs_modeled_somsc.png,True,assets/Ram_2013/biomass_check/observed_vs_modeled_biomass.png,False,assets/Ram_2013/n2o_check/observed_vs_modeled_n2o.png,True
Ramu_2024_Alfisol,assets/Ramu_2024_Alfisol,assets/Ramu_2024_Alfisol/somsc_check/somsc_check_summary.txt,assets/Ramu_2024_Alfisol/biomass_check/biomass_check_summary.txt,assets/Ramu_2024_Alfisol/n2o_check/n2o_check_summary.txt,RESULT: Model NEEDS INVESTIGATION - Base SOMSC is below SoilGrids observation (-46.62%).,RESULT: MODEL ONLY - No biomass/grain observations in the observation file.,RESULT: NEEDS INVESTIGATION - One or more points overestimate observed N2O by more than 50% and/or invalid comparison rows (see Point-wise delta).,2,0,4,assets/Ramu_2024_Alfisol/somsc_check/somsc_timeseries_spinup.png,True,assets/Ramu_2024_Alfisol/somsc_check/somsc_timeseries_exp.png,True,assets/Ramu_2024_Alfisol/somsc_check/observed_vs_modeled_somsc.png,True,assets/Ramu_2024_Alfisol/biomass_check/observed_vs_modeled_biomass.png,True,assets/Ramu_2024_Alfisol/n2o_check/observed_vs_modeled_n2o.png,True
Ramu_2024_vertisol,assets/Ramu_2024_vertisol,assets/Ramu_2024_vertisol/somsc_check/somsc_check_summary.txt,assets/Ramu_2024_vertisol/biomass_check/biomass_check_summary.txt,assets/Ramu_2024_vertisol/n2o_check/n2o_check_summary.txt,RESULT: Model NEEDS INVESTIGATION - Base SOMSC is below SoilGrids observation (-46.62%).,RESULT: MODEL ONLY - No biomass/grain observations in the observation file.,RESULT: NEEDS INVESTIGATION - One or more points overestimate observed N2O by more than 50% and/or invalid comparison rows (see Point-wise delta).,2,0,4,assets/Ramu_2024_vertisol/somsc_check/somsc_timeseries_spinup.png,True,assets/Ramu_2024_vertisol/somsc_check/somsc_timeseries_exp.png,True,assets/Ramu_2024_vertisol/somsc_check/observed_vs_modeled_somsc.png,True,assets/Ramu_2024_vertisol/biomass_check/observed_vs_modeled_biomass.png,True,assets/Ramu_2024_vertisol/n2o_check/observed_vs_modeled_n2o.png,True
Rudrappa_2006,assets/Rudrappa_2006,assets/Rudrappa_2006/somsc_check/somsc_check_summary.txt,assets/Rudrappa_2006/biomass_check/biomass_check_summary.txt,assets/Rudrappa_2006/n2o_check/n2o_check_summary.txt,RESULT: OK for Calibration - Base SOMSC meets or exceeds SoilGrids observation.,RESULT: MODEL ONLY - No biomass/grain observations in the observation file.,RESULT: MODEL ONLY - No N2O flux observations in the observation file.,5,0,7,assets/Rudrappa_2006/somsc_check/somsc_timeseries_spinup.png,True,assets/Rudrappa_2006/somsc_check/somsc_timeseries_exp.png,True,assets/Rudrappa_2006/somsc_check/observed_vs_modeled_somsc.png,True,assets/Rudrappa_2006/biomass_check/observed_vs_modeled_biomass.png,True,assets/Rudrappa_2006/n2o_check/observed_vs_modeled_n2o.png,True
Saha_2010,assets/Saha_2010,assets/Saha_2010/somsc_check/somsc_check_summary.txt,assets/Saha_2010/biomass_check/biomass_check_summary.txt,assets/Saha_2010/n2o_check/n2o_check_summary.txt,RESULT: Model NEEDS INVESTIGATION - Base SOMSC is below SoilGrids observation (-62.32%).,RESULT: NEEDS INVESTIGATION - Model below observation and/or invalid comparison rows (see Point-wise delta).,RESULT: MODEL ONLY - No N2O flux observations in the observation file.,4,0,6,assets/Saha_2010/somsc_check/somsc_timeseries_spinup.png,True,assets/Saha_2010/somsc_check/somsc_timeseries_exp.png,True,assets/Saha_2010/somsc_check/observed_vs_modeled_somsc.png,True,assets/Saha_2010/biomass_check/observed_vs_modeled_biomass.png,True,assets/Saha_2010/n2o_check/observed_vs_modeled_n2o.png,True
Saha_2013,assets/Saha_2013,assets/Saha_2013/somsc_check/somsc_check_summary.txt,assets/Saha_2013/biomass_check/biomass_check_summary.txt,assets/Saha_2013/n2o_check/n2o_check_summary.txt,RESULT: Model NEEDS INVESTIGATION - Base SOMSC is below SoilGrids observation (-92.74%).,RESULT: NEEDS INVESTIGATION - Model below observation and/or invalid comparison rows (see Point-wise delta).,RESULT: MODEL ONLY - No N2O flux observations in the observation file.,12,0,14,assets/Saha_2013/somsc_check/somsc_timeseries_spinup.png,True,assets/Saha_2013/somsc_check/somsc_timeseries_exp.png,True,assets/Saha_2013/somsc_check/observed_vs_modeled_somsc.png,True,assets/Saha_2013/biomass_check/observed_vs_modeled_biomass.png,True,assets/Saha_2013/n2o_check/observed_vs_modeled_n2o.png,True
Sankar_2011,assets/Sankar_2011,assets/Sankar_2011/somsc_check/somsc_check_summary.txt,assets/Sankar_2011/biomass_check/biomass_check_summary.txt,assets/Sankar_2011/n2o_check/n2o_check_summary.txt,RESULT: Model NEEDS INVESTIGATION - Base SOMSC is below SoilGrids observation (-97.87%).,RESULT: NEEDS INVESTIGATION - Model below observation and/or invalid comparison rows (see Point-wise delta).,RESULT: MODEL ONLY - No N2O flux observations in the observation file.,10,0,12,assets/Sankar_2011/somsc_check/somsc_timeseries_spinup.png,True,assets/Sankar_2011/somsc_check/somsc_timeseries_exp.png,True,assets/Sankar_2011/somsc_check/observed_vs_modeled_somsc.png,False,assets/Sankar_2011/biomass_check/observed_vs_modeled_biomass.png,True,assets/Sankar_2011/n2o_check/observed_vs_modeled_n2o.png,True
Sankar_2014,assets/Sankar_2014,assets/Sankar_2014/somsc_check/somsc_check_summary.txt,assets/Sankar_2014/biomass_check/biomass_check_summary.txt,assets/Sankar_2014/n2o_check/n2o_check_summary.txt,RESULT: Model NEEDS INVESTIGATION - Base SOMSC is below SoilGrids observation (-88.38%).,RESULT: NEEDS INVESTIGATION - Model below observation and/or invalid comparison rows (see Point-wise delta).,RESULT: MODEL ONLY - No N2O flux observations in the observation file.,8,0,10,assets/Sankar_2014/somsc_check/somsc_timeseries_spinup.png,True,assets/Sankar_2014/somsc_check/somsc_timeseries_exp.png,True,assets/Sankar_2014/somsc_check/observed_vs_modeled_somsc.png,False,assets/Sankar_2014/biomass_check/observed_vs_modeled_biomass.png,True,assets/Sankar_2014/n2o_check/observed_vs_modeled_n2o.png,True
Sathish_2018,assets/Sathish_2018,assets/Sathish_2018/somsc_check/somsc_check_summary.txt,assets/Sathish_2018/biomass_check/biomass_check_summary.txt,assets/Sathish_2018/n2o_check/n2o_check_summary.txt,RESULT: Model NEEDS INVESTIGATION - Base SOMSC is below SoilGrids observation (-90.65%).,RESULT: NEEDS INVESTIGATION - Model below observation and/or invalid comparison rows (see Point-wise delta).,RESULT: MODEL ONLY - No N2O flux observations in the observation file.,5,0,7,assets/Sathish_2018/somsc_check/somsc_timeseries_spinup.png,True,assets/Sathish_2018/somsc_check/somsc_timeseries_exp.png,True,assets/Sathish_2018/somsc_check/observed_vs_modeled_somsc.png,False,assets/Sathish_2018/biomass_check/observed_vs_modeled_biomass.png,True,assets/Sathish_2018/n2o_check/observed_vs_modeled_n2o.png,True
Shukla_2018,assets/Shukla_2018,assets/Shukla_2018/somsc_check/somsc_check_summary.txt,assets/Shukla_2018/biomass_check/biomass_check_summary.txt,assets/Shukla_2018/n2o_check/n2o_check_summary.txt,RESULT: OK for Calibration - Base SOMSC meets or exceeds SoilGrids observation.,RESULT: MODEL ONLY - No biomass/grain observations in the observation file.,,0,0,26,assets/Shukla_2018/somsc_check/somsc_timeseries_spinup.png,True,assets/Shukla_2018/somsc_check/somsc_timeseries_exp.png,True,assets/Shukla_2018/somsc_check/observed_vs_modeled_somsc.png,False,assets/Shukla_2018/biomass_check/observed_vs_modeled_biomass.png,True,assets/Shukla_2018/n2o_check/observed_vs_modeled_n2o.png,False
Singh_2007,assets/Singh_2007,assets/Singh_2007/somsc_check/somsc_check_summary.txt,assets/Singh_2007/biomass_check/biomass_check_summary.txt,assets/Singh_2007/n2o_check/n2o_check_summary.txt,RESULT: Model NEEDS INVESTIGATION - Base SOMSC is below SoilGrids observation (-67.72%).,RESULT: CANNOT ASSESS - 'averaged_biomass_comparison.csv' was not found.,RESULT: MODEL ONLY - No N2O flux observations in the observation file.,6,0,8,assets/Singh_2007/somsc_check/somsc_timeseries_spinup.png,True,assets/Singh_2007/somsc_check/somsc_timeseries_exp.png,True,assets/Singh_2007/somsc_check/observed_vs_modeled_somsc.png,True,assets/Singh_2007/biomass_check/observed_vs_modeled_biomass.png,False,assets/Singh_2007/n2o_check/observed_vs_modeled_n2o.png,True
Singh_2024,assets/Singh_2024,assets/Singh_2024/somsc_check/somsc_check_summary.txt,assets/Singh_2024/biomass_check/biomass_check_summary.txt,assets/Singh_2024/n2o_check/n2o_check_summary.txt,RESULT: Model NEEDS INVESTIGATION - Base SOMSC is below SoilGrids observation (-57.14%).,RESULT: MODEL ONLY - No biomass/grain observations in the observation file.,RESULT: MODEL ONLY - No N2O flux observations in the observation file.,16,0,18,assets/Singh_2024/somsc_check/somsc_timeseries_spinup.png,True,assets/Singh_2024/somsc_check/somsc_timeseries_exp.png,True,assets/Singh_2024/somsc_check/observed_vs_modeled_somsc.png,True,assets/Singh_2024/biomass_check/observed_vs_modeled_biomass.png,True,assets/Singh_2024/n2o_check/observed_vs_modeled_n2o.png,True
Somasundaram_2018,assets/Somasundaram_2018,assets/Somasundaram_2018/somsc_check/somsc_check_summary.txt,assets/Somasundaram_2018/biomass_check/biomass_check_summary.txt,assets/Somasundaram_2018/n2o_check/n2o_check_summary.txt,RESULT: OK for Calibration - Base SOMSC meets or exceeds SoilGrids observation.,RESULT: MODEL ONLY - No biomass/grain observations in the observation file.,RESULT: MODEL ONLY - No N2O flux observations in the observation file.,6,0,8,assets/Somasundaram_2018/somsc_check/somsc_timeseries_spinup.png,True,assets/Somasundaram_2018/somsc_check/somsc_timeseries_exp.png,True,assets/Somasundaram_2018/somsc_check/observed_vs_modeled_somsc.png,True,assets/Somasundaram_2018/biomass_check/observed_vs_modeled_biomass.png,True,assets/Somasundaram_2018/n2o_check/observed_vs_modeled_n2o.png,True
Somasundaram_2019,assets/Somasundaram_2019,assets/Somasundaram_2019/somsc_check/somsc_check_summary.txt,assets/Somasundaram_2019/biomass_check/biomass_check_summary.txt,assets/Somasundaram_2019/n2o_check/n2o_check_summary.txt,RESULT: Model NEEDS INVESTIGATION - Base SOMSC is below SoilGrids observation (-94.25%).,RESULT: MODEL ONLY - No biomass/grain observations in the observation file.,RESULT: MODEL ONLY - No N2O flux observations in the observation file.,8,0,10,assets/Somasundaram_2019/somsc_check/somsc_timeseries_spinup.png,True,assets/Somasundaram_2019/somsc_check/somsc_timeseries_exp.png,True,assets/Somasundaram_2019/somsc_check/observed_vs_modeled_somsc.png,True,assets/Somasundaram_2019/biomass_check/observed_vs_modeled_biomass.png,True,assets/Somasundaram_2019/n2o_check/observed_vs_modeled_n2o.png,True
Sonune_2021,assets/Sonune_2021,assets/Sonune_2021/somsc_check/somsc_check_summary.txt,assets/Sonune_2021/biomass_check/biomass_check_summary.txt,assets/Sonune_2021/n2o_check/n2o_check_summary.txt,RESULT: Model NEEDS INVESTIGATION - Base SOMSC is below SoilGrids observation (-86.88%).,RESULT: NEEDS INVESTIGATION - Model below observation and/or invalid comparison rows (see Point-wise delta).,RESULT: MODEL ONLY - No N2O flux observations in the observation file.,14,0,16,assets/Sonune_2021/somsc_check/somsc_timeseries_spinup.png,True,assets/Sonune_2021/somsc_check/somsc_timeseries_exp.png,True,assets/Sonune_2021/somsc_check/observed_vs_modeled_somsc.png,True,assets/Sonune_2021/biomass_check/observed_vs_modeled_biomass.png,True,assets/Sonune_2021/n2o_check/observed_vs_modeled_n2o.png,True
Srinivasarao_2012a,assets/Srinivasarao_2012a,assets/Srinivasarao_2012a/somsc_check/somsc_check_summary.txt,assets/Srinivasarao_2012a/biomass_check/biomass_check_summary.txt,assets/Srinivasarao_2012a/n2o_check/n2o_check_summary.txt,RESULT: Model NEEDS INVESTIGATION - Base SOMSC is below SoilGrids observation (-97.90%).,RESULT: MODEL ONLY - No biomass/grain observations in the observation file.,RESULT: MODEL ONLY - No N2O flux observations in the observation file.,5,0,7,assets/Srinivasarao_2012a/somsc_check/somsc_timeseries_spinup.png,True,assets/Srinivasarao_2012a/somsc_check/somsc_timeseries_exp.png,True,assets/Srinivasarao_2012a/somsc_check/observed_vs_modeled_somsc.png,True,assets/Srinivasarao_2012a/biomass_check/observed_vs_modeled_biomass.png,True,assets/Srinivasarao_2012a/n2o_check/observed_vs_modeled_n2o.png,True
Srinivasarao_2012b,assets/Srinivasarao_2012b,assets/Srinivasarao_2012b/somsc_check/somsc_check_summary.txt,assets/Srinivasarao_2012b/biomass_check/biomass_check_summary.txt,assets/Srinivasarao_2012b/n2o_check/n2o_check_summary.txt,RESULT: Model NEEDS INVESTIGATION - Base SOMSC is below SoilGrids observation (-92.95%).,RESULT: MODEL ONLY - No biomass/grain observations in the observation file.,RESULT: MODEL ONLY - No N2O flux observations in the observation file.,5,0,7,assets/Srinivasarao_2012b/somsc_check/somsc_timeseries_spinup.png,True,assets/Srinivasarao_2012b/somsc_check/somsc_timeseries_exp.png,True,assets/Srinivasarao_2012b/somsc_check/observed_vs_modeled_somsc.png,True,assets/Srinivasarao_2012b/biomass_check/observed_vs_modeled_biomass.png,True,assets/Srinivasarao_2012b/n2o_check/observed_vs_modeled_n2o.png,True
Srinivasarao_2012c,assets/Srinivasarao_2012c,assets/Srinivasarao_2012c/somsc_check/somsc_check_summary.txt,assets/Srinivasarao_2012c/biomass_check/biomass_check_summary.txt,assets/Srinivasarao_2012c/n2o_check/n2o_check_summary.txt,RESULT: Model NEEDS INVESTIGATION - Base SOMSC is below SoilGrids observation (-79.84%).,RESULT: NEEDS INVESTIGATION - Model below observation and/or invalid comparison rows (see Point-wise delta).,RESULT: MODEL ONLY - No N2O flux observations in the observation file.,7,0,9,assets/Srinivasarao_2012c/somsc_check/somsc_timeseries_spinup.png,True,assets/Srinivasarao_2012c/somsc_check/somsc_timeseries_exp.png,True,assets/Srinivasarao_2012c/somsc_check/observed_vs_modeled_somsc.png,True,assets/Srinivasarao_2012c/biomass_check/observed_vs_modeled_biomass.png,True,assets/Srinivasarao_2012c/n2o_check/observed_vs_modeled_n2o.png,True
Srinivasarao_2019,assets/Srinivasarao_2019,assets/Srinivasarao_2019/somsc_check/somsc_check_summary.txt,assets/Srinivasarao_2019/biomass_check/biomass_check_summary.txt,assets/Srinivasarao_2019/n2o_check/n2o_check_summary.txt,RESULT: Model NEEDS INVESTIGATION - Base SOMSC is below SoilGrids observation (-95.10%).,RESULT: NEEDS INVESTIGATION - Model below observation and/or invalid comparison rows (see Point-wise delta).,RESULT: MODEL ONLY - No N2O flux observations in the observation file.,9,0,11,assets/Srinivasarao_2019/somsc_check/somsc_timeseries_spinup.png,True,assets/Srinivasarao_2019/somsc_check/somsc_timeseries_exp.png,True,assets/Srinivasarao_2019/somsc_check/observed_vs_modeled_somsc.png,True,assets/Srinivasarao_2019/biomass_check/observed_vs_modeled_biomass.png,True,assets/Srinivasarao_2019/n2o_check/observed_vs_modeled_n2o.png,True
Srinivasarao_2021,assets/Srinivasarao_2021,assets/Srinivasarao_2021/somsc_check/somsc_check_summary.txt,assets/Srinivasarao_2021/biomass_check/biomass_check_summary.txt,assets/Srinivasarao_2021/n2o_check/n2o_check_summary.txt,RESULT: Model NEEDS INVESTIGATION - Base SOMSC is below SoilGrids observation (-92.65%).,RESULT: NEEDS INVESTIGATION - Model below observation and/or invalid comparison rows (see Point-wise delta).,RESULT: MODEL ONLY - No N2O flux observations in the observation file.,4,0,6,assets/Srinivasarao_2021/somsc_check/somsc_timeseries_spinup.png,True,assets/Srinivasarao_2021/somsc_check/somsc_timeseries_exp.png,True,assets/Srinivasarao_2021/somsc_check/observed_vs_modeled_somsc.png,True,assets/Srinivasarao_2021/biomass_check/observed_vs_modeled_biomass.png,True,assets/Srinivasarao_2021/n2o_check/observed_vs_modeled_n2o.png,True
Srivastava_2018,assets/Srivastava_2018,assets/Srivastava_2018/somsc_check/somsc_check_summary.txt,assets/Srivastava_2018/biomass_check/biomass_check_summary.txt,assets/Srivastava_2018/n2o_check/n2o_check_summary.txt,RESULT: OK for Calibration - Base SOMSC meets or exceeds SoilGrids observation.,RESULT: NEEDS INVESTIGATION - Model below observation and/or invalid comparison rows (see Point-wise delta).,RESULT: MODEL ONLY - No N2O flux observations in the observation file.,6,0,8,assets/Srivastava_2018/somsc_check/somsc_timeseries_spinup.png,True,assets/Srivastava_2018/somsc_check/somsc_timeseries_exp.png,True,assets/Srivastava_2018/somsc_check/observed_vs_modeled_somsc.png,True,assets/Srivastava_2018/biomass_check/observed_vs_modeled_biomass.png,True,assets/Srivastava_2018/n2o_check/observed_vs_modeled_n2o.png,True
Suman_2009,assets/Suman_2009,assets/Suman_2009/somsc_check/somsc_check_summary.txt,assets/Suman_2009/biomass_check/biomass_check_summary.txt,assets/Suman_2009/n2o_check/n2o_check_summary.txt,RESULT: OK for Calibration - Base SOMSC meets or exceeds SoilGrids observation.,RESULT: NEEDS INVESTIGATION - Model below observation and/or invalid comparison rows (see Point-wise delta).,RESULT: MODEL ONLY - No N2O flux observations in the observation file.,6,0,8,assets/Suman_2009/somsc_check/somsc_timeseries_spinup.png,True,assets/Suman_2009/somsc_check/somsc_timeseries_exp.png,True,assets/Suman_2009/somsc_check/observed_vs_modeled_somsc.png,True,assets/Suman_2009/biomass_check/observed_vs_modeled_biomass.png,True,assets/Suman_2009/n2o_check/observed_vs_modeled_n2o.png,True
Sun_2022,assets/Sun_2022,assets/Sun_2022/somsc_check/somsc_check_summary.txt,assets/Sun_2022/biomass_check/biomass_check_summary.txt,assets/Sun_2022/n2o_check/n2o_check_summary.txt,RESULT: Model NEEDS INVESTIGATION - Base SOMSC is below SoilGrids observation (-92.95%).,RESULT: NEEDS INVESTIGATION - Model below observation and/or invalid comparison rows (see Point-wise delta).,RESULT: NEEDS INVESTIGATION - One or more points overestimate observed N2O by more than 50% and/or invalid comparison rows (see Point-wise delta).,7,0,9,assets/Sun_2022/somsc_check/somsc_timeseries_spinup.png,True,assets/Sun_2022/somsc_check/somsc_timeseries_exp.png,True,assets/Sun_2022/somsc_check/observed_vs_modeled_somsc.png,True,assets/Sun_2022/biomass_check/observed_vs_modeled_biomass.png,True,assets/Sun_2022/n2o_check/observed_vs_modeled_n2o.png,True
Surendran_2016,assets/Surendran_2016,assets/Surendran_2016/somsc_check/somsc_check_summary.txt,assets/Surendran_2016/biomass_check/biomass_check_summary.txt,assets/Surendran_2016/n2o_check/n2o_check_summary.txt,RESULT: Model NEEDS INVESTIGATION - Base SOMSC is below SoilGrids observation (-81.65%).,RESULT: NEEDS INVESTIGATION - Model below observation and/or invalid comparison rows (see Point-wise delta).,RESULT: MODEL ONLY - No N2O flux observations in the observation file.,6,0,8,assets/Surendran_2016/somsc_check/somsc_timeseries_spinup.png,True,assets/Surendran_2016/somsc_check/somsc_timeseries_exp.png,True,assets/Surendran_2016/somsc_check/observed_vs_modeled_somsc.png,True,assets/Surendran_2016/biomass_check/observed_vs_modeled_biomass.png,True,assets/Surendran_2016/n2o_check/observed_vs_modeled_n2o.png,True
Sutaria_2010,assets/Sutaria_2010,assets/Sutaria_2010/somsc_check/somsc_check_summary.txt,assets/Sutaria_2010/biomass_check/biomass_check_summary.txt,assets/Sutaria_2010/n2o_check/n2o_check_summary.txt,,,,0,0,0,assets/Sutaria_2010/somsc_check/somsc_timeseries_spinup.png,False,assets/Sutaria_2010/somsc_check/somsc_timeseries_exp.png,False,assets/Sutaria_2010/somsc_check/observed_vs_modeled_somsc.png,False,assets/Sutaria_2010/biomass_check/observed_vs_modeled_biomass.png,False,assets/Sutaria_2010/n2o_check/observed_vs_modeled_n2o.png,False
Tigga_2020,assets/Tigga_2020,assets/Tigga_2020/somsc_check/somsc_check_summary.txt,assets/Tigga_2020/biomass_check/biomass_check_summary.txt,assets/Tigga_2020/n2o_check/n2o_check_summary.txt,RESULT: Model NEEDS INVESTIGATION - Base SOMSC is below SoilGrids observation (-78.04%).,RESULT: MODEL ONLY - No biomass/grain observations in the observation file.,RESULT: MODEL ONLY - No N2O flux observations in the observation file.,12,0,14,assets/Tigga_2020/somsc_check/somsc_timeseries_spinup.png,True,assets/Tigga_2020/somsc_check/somsc_timeseries_exp.png,True,assets/Tigga_2020/somsc_check/observed_vs_modeled_somsc.png,False,assets/Tigga_2020/biomass_check/observed_vs_modeled_biomass.png,True,assets/Tigga_2020/n2o_check/observed_vs_modeled_n2o.png,True
Trivedi_2020,assets/Trivedi_2020,assets/Trivedi_2020/somsc_check/somsc_check_summary.txt,assets/Trivedi_2020/biomass_check/biomass_check_summary.txt,assets/Trivedi_2020/n2o_check/n2o_check_summary.txt,RESULT: OK for Calibration - Base SOMSC meets or exceeds SoilGrids observation.,RESULT: NEEDS INVESTIGATION - Model below observation and/or invalid comparison rows (see Point-wise delta).,RESULT: MODEL ONLY - No N2O flux observations in the observation file.,8,0,10,assets/Trivedi_2020/somsc_check/somsc_timeseries_spinup.png,True,assets/Trivedi_2020/somsc_check/somsc_timeseries_exp.png,True,assets/Trivedi_2020/somsc_check/observed_vs_modeled_somsc.png,True,assets/Trivedi_2020/biomass_check/observed_vs_modeled_biomass.png,True,assets/Trivedi_2020/n2o_check/observed_vs_modeled_n2o.png,True
Usman_2014,assets/Usman_2014,assets/Usman_2014/somsc_check/somsc_check_summary.txt,assets/Usman_2014/biomass_check/biomass_check_summary.txt,assets/Usman_2014/n2o_check/n2o_check_summary.txt,RESULT: OK for Calibration - Base SOMSC meets or exceeds SoilGrids observation.,RESULT: CANNOT ASSESS - 'averaged_biomass_comparison.csv' was not found.,RESULT: MODEL ONLY - No N2O flux observations in the observation file.,15,0,17,assets/Usman_2014/somsc_check/somsc_timeseries_spinup.png,True,assets/Usman_2014/somsc_check/somsc_timeseries_exp.png,True,assets/Usman_2014/somsc_check/observed_vs_modeled_somsc.png,False,assets/Usman_2014/biomass_check/observed_vs_modeled_biomass.png,False,assets/Usman_2014/n2o_check/observed_vs_modeled_n2o.png,True
Venkatesh_2013,assets/Venkatesh_2013,assets/Venkatesh_2013/somsc_check/somsc_check_summary.txt,assets/Venkatesh_2013/biomass_check/biomass_check_summary.txt,assets/Venkatesh_2013/n2o_check/n2o_check_summary.txt,RESULT: Model NEEDS INVESTIGATION - Base SOMSC is below SoilGrids observation (-82.28%).,RESULT: MODEL ONLY - No biomass/grain observations in the observation file.,RESULT: MODEL ONLY - No N2O flux observations in the observation file.,12,0,14,assets/Venkatesh_2013/somsc_check/somsc_timeseries_spinup.png,True,assets/Venkatesh_2013/somsc_check/somsc_timeseries_exp.png,True,assets/Venkatesh_2013/somsc_check/observed_vs_modeled_somsc.png,True,assets/Venkatesh_2013/biomass_check/observed_vs_modeled_biomass.png,True,assets/Venkatesh_2013/n2o_check/observed_vs_modeled_n2o.png,True
Verma_2022,assets/Verma_2022,assets/Verma_2022/somsc_check/somsc_check_summary.txt,assets/Verma_2022/biomass_check/biomass_check_summary.txt,assets/Verma_2022/n2o_check/n2o_check_summary.txt,RESULT: Model NEEDS INVESTIGATION - Base SOMSC is below SoilGrids observation (-97.57%).,RESULT: MODEL ONLY - No biomass/grain observations in the observation file.,RESULT: MODEL ONLY - No N2O flux observations in the observation file.,6,0,8,assets/Verma_2022/somsc_check/somsc_timeseries_spinup.png,True,assets/Verma_2022/somsc_check/somsc_timeseries_exp.png,True,assets/Verma_2022/somsc_check/observed_vs_modeled_somsc.png,True,assets/Verma_2022/biomass_check/observed_vs_modeled_biomass.png,True,assets/Verma_2022/n2o_check/observed_vs_modeled_n2o.png,True
Virk_2017,assets/Virk_2017,assets/Virk_2017/somsc_check/somsc_check_summary.txt,assets/Virk_2017/biomass_check/biomass_check_summary.txt,assets/Virk_2017/n2o_check/n2o_check_summary.txt,RESULT: Model NEEDS INVESTIGATION - Base SOMSC is below SoilGrids observation (-67.06%).,RESULT: MODEL ONLY - No biomass/grain observations in the observation file.,RESULT: MODEL ONLY - No N2O flux observations in the observation file.,12,0,14,assets/Virk_2017/somsc_check/somsc_timeseries_spinup.png,True,assets/Virk_2017/somsc_check/somsc_timeseries_exp.png,True,assets/Virk_2017/somsc_check/observed_vs_modeled_somsc.png,False,assets/Virk_2017/biomass_check/observed_vs_modeled_biomass.png,True,assets/Virk_2017/n2o_check/observed_vs_modeled_n2o.png,True
Wagh_2016,assets/Wagh_2016,assets/Wagh_2016/somsc_check/somsc_check_summary.txt,assets/Wagh_2016/biomass_check/biomass_check_summary.txt,assets/Wagh_2016/n2o_check/n2o_check_summary.txt,RESULT: Model NEEDS INVESTIGATION - Base SOMSC is below SoilGrids observation (-85.49%).,RESULT: NEEDS INVESTIGATION - Model below observation and/or invalid comparison rows (see Point-wise delta).,RESULT: MODEL ONLY - No N2O flux observations in the observation file.,7,0,9,assets/Wagh_2016/somsc_check/somsc_timeseries_spinup.png,True,assets/Wagh_2016/somsc_check/somsc_timeseries_exp.png,True,assets/Wagh_2016/somsc_check/observed_vs_modeled_somsc.png,False,assets/Wagh_2016/biomass_check/observed_vs_modeled_biomass.png,True,assets/Wagh_2016/n2o_check/observed_vs_modeled_n2o.png,True
Yadav_2021,assets/Yadav_2021,assets/Yadav_2021/somsc_check/somsc_check_summary.txt,assets/Yadav_2021/biomass_check/biomass_check_summary.txt,assets/Yadav_2021/n2o_check/n2o_check_summary.txt,RESULT: Model NEEDS INVESTIGATION - Base SOMSC is below SoilGrids observation (-60.20%).,RESULT: CANNOT ASSESS - 'averaged_biomass_comparison.csv' was not found.,RESULT: MODEL ONLY - No N2O flux observations in the observation file.,0,0,2,assets/Yadav_2021/somsc_check/somsc_timeseries_spinup.png,True,assets/Yadav_2021/somsc_check/somsc_timeseries_exp.png,False,assets/Yadav_2021/somsc_check/observed_vs_modeled_somsc.png,False,assets/Yadav_2021/biomass_check/observed_vs_modeled_biomass.png,False,assets/Yadav_2021/n2o_check/observed_vs_modeled_n2o.png,False
Yang_2024,assets/Yang_2024,assets/Yang_2024/somsc_check/somsc_check_summary.txt,assets/Yang_2024/biomass_check/biomass_check_summary.txt,assets/Yang_2024/n2o_check/n2o_check_summary.txt,RESULT: OK for Calibration - Base SOMSC meets or exceeds SoilGrids observation.,RESULT: NEEDS INVESTIGATION - Model below observation and/or invalid comparison rows (see Point-wise delta).,RESULT: CANNOT ASSESS - Comparison CSV not found (extract_N2O failed).,0,0,8,assets/Yang_2024/somsc_check/somsc_timeseries_spinup.png,True,assets/Yang_2024/somsc_check/somsc_timeseries_exp.png,True,assets/Yang_2024/somsc_check/observed_vs_modeled_somsc.png,True,assets/Yang_2024/biomass_check/observed_vs_modeled_biomass.png,True,assets/Yang_2024/n2o_check/observed_vs_modeled_n2o.png,False
Zhang_2013,assets/Zhang_2013,assets/Zhang_2013/somsc_check/somsc_check_summary.txt,assets/Zhang_2013/biomass_check/biomass_check_summary.txt,assets/Zhang_2013/n2o_check/n2o_check_summary.txt,RESULT: OK for Calibration - Base SOMSC meets or exceeds SoilGrids observation.,RESULT: CANNOT ASSESS - 'averaged_biomass_comparison.csv' was not found.,RESULT: MODEL ONLY - No N2O flux observations in the observation file.,3,0,5,assets/Zhang_2013/somsc_check/somsc_timeseries_spinup.png,True,assets/Zhang_2013/somsc_check/somsc_timeseries_exp.png,True,assets/Zhang_2013/somsc_check/observed_vs_modeled_somsc.png,True,assets/Zhang_2013/biomass_check/observed_vs_modeled_biomass.png,False,assets/Zhang_2013/n2o_check/observed_vs_modeled_n2o.png,True
