Site,Overall_Before_Change,Overall_After_Change,Avg_End_Before,Avg_End_After,Treatments_Compared,Overall_Trajectory_Shift,Avg_End_SOMSC_Shift,Global_Site_Evaluation,End_SOMSC_Evaluation,n_increase_Before,n_decrease_Before,avg_end_Before,final_base_Before,calibration_ok_Before,result_Before,summary_path_Before,n_increase_After,n_decrease_After,avg_end_After,final_base_After,calibration_ok_After,result_After,summary_path_After,Calibration_Before,Calibration_After,Calibration_Status_Changed,Reported_Avg_End_Before,Reported_Avg_End_After,Reported_Avg_End_Delta
Agegnehu_2015,476.058,484.31800000000004,1836.1559999999997,4687.567999999999,5,8.260000000000048,2851.4119999999994,🟡 Stabilized / Slight Change,🟢 Large end-SOMSC gain,4.0,1.0,1836.15,1364.27,False,Model NEEDS INVESTIGATION - Base SOMSC is below SoilGrids observation (-67.54%).,/Users/mac/DAYCENT/daycent_sites/sites/Agegnehu_2015/somsc_check/somsc_check_summary.txt,4.0,1.0,4687.57,491.02,False,Model NEEDS INVESTIGATION - Base SOMSC is below SoilGrids observation (-88.32%).,/Users/mac/Documents/Spinup_testing/daycent_sites2/sites/Agegnehu_2015/somsc_check/somsc_check_summary.txt,NEEDS INVESTIGATION,NEEDS INVESTIGATION,False,1836.15,4687.57,2851.4199999999996
Anandakumar_2022,-1388.26,-2799.995,451.465,2824.0825,4,-1411.735,2372.6175,🔴 Degraded,🟢 Large end-SOMSC gain,,,451.47,1618.64,False,Model NEEDS INVESTIGATION - Base SOMSC is below SoilGrids observation (-70.07%).,/Users/mac/DAYCENT/daycent_sites/sites/Anandakumar_2022/somsc_check/somsc_check_summary.txt,0.0,4.0,2824.08,2753.19,False,Model NEEDS INVESTIGATION - Base SOMSC is below SoilGrids observation (-49.10%).,/Users/mac/Documents/Spinup_testing/daycent_sites2/sites/Anandakumar_2022/somsc_check/somsc_check_summary.txt,NEEDS INVESTIGATION,NEEDS INVESTIGATION,False,451.47,2824.08,2372.6099999999997
Aravindh_2023_Coimbatore,-1164.645,-2013.54,441.1825,3350.0575,4,-848.895,2908.875,🔴 Degraded,🟢 Large end-SOMSC gain,,,441.18,1608.52,False,Model NEEDS INVESTIGATION - Base SOMSC is below SoilGrids observation (-70.01%).,/Users/mac/DAYCENT/daycent_sites/sites/Aravindh_2023_Coimbatore/somsc_check/somsc_check_summary.txt,0.0,4.0,3350.06,314.61,False,Model NEEDS INVESTIGATION - Base SOMSC is below SoilGrids observation (-94.13%).,/Users/mac/Documents/Spinup_testing/daycent_sites2/sites/Aravindh_2023_Coimbatore/somsc_check/somsc_check_summary.txt,NEEDS INVESTIGATION,NEEDS INVESTIGATION,False,441.18,3350.06,2908.88
Aravindh_2023_Kovilpatt,-968.3,-1374.1475,883.1225,8738.3025,4,-405.8475000000001,7855.18,🔴 Degraded,🟢 Large end-SOMSC gain,,,883.12,1853.86,False,Model NEEDS INVESTIGATION - Base SOMSC is below SoilGrids observation (-81.67%).,/Users/mac/DAYCENT/daycent_sites/sites/Aravindh_2023_Kovilpatt/somsc_check/somsc_check_summary.txt,0.0,4.0,8738.3,241.46,False,Model NEEDS INVESTIGATION - Base SOMSC is below SoilGrids observation (-97.61%).,/Users/mac/Documents/Spinup_testing/daycent_sites2/sites/Aravindh_2023_Kovilpatt/somsc_check/somsc_check_summary.txt,NEEDS INVESTIGATION,NEEDS INVESTIGATION,False,883.12,8738.3,7855.179999999999
Aulakh_2013,32.811249999999994,145.739375,1301.870625,4002.18875,16,112.928125,2700.318125,🟢 Massive Overall Fix,🟢 Large end-SOMSC gain,,,1301.87,1270.15,False,Model NEEDS INVESTIGATION - Base SOMSC is below SoilGrids observation (-67.06%).,/Users/mac/DAYCENT/daycent_sites/sites/Aulakh_2013/somsc_check/somsc_check_summary.txt,8.0,8.0,4002.19,373.4,False,Model NEEDS INVESTIGATION - Base SOMSC is below SoilGrids observation (-90.32%).,/Users/mac/Documents/Spinup_testing/daycent_sites2/sites/Aulakh_2013/somsc_check/somsc_check_summary.txt,NEEDS INVESTIGATION,NEEDS INVESTIGATION,False,1301.87,4002.19,2700.32
Babu_2016,-791.6722222222222,-148.56666666666666,1326.861111111111,4542.93,9,643.1055555555556,3216.068888888889,🟢 Massive Overall Fix,🟢 Large end-SOMSC gain,,,1326.86,2121.96,False,Model NEEDS INVESTIGATION - Base SOMSC is below SoilGrids observation (-54.77%).,/Users/mac/DAYCENT/daycent_sites/sites/Babu_2016/somsc_check/somsc_check_summary.txt,3.0,6.0,4542.93,117.34,False,Model NEEDS INVESTIGATION - Base SOMSC is below SoilGrids observation (-97.50%).,/Users/mac/Documents/Spinup_testing/daycent_sites2/sites/Babu_2016/somsc_check/somsc_check_summary.txt,NEEDS INVESTIGATION,NEEDS INVESTIGATION,False,1326.86,4542.93,3216.0700000000006
Banerjee_2018,83.41,436.6275,2101.005,5334.325,4,353.2175,3233.3199999999997,🟢 Massive Overall Fix,🟢 Large end-SOMSC gain,,,2101.0,2019.63,False,Model NEEDS INVESTIGATION - Base SOMSC is below SoilGrids observation (-58.76%).,/Users/mac/DAYCENT/daycent_sites/sites/Banerjee_2018/somsc_check/somsc_check_summary.txt,4.0,0.0,5334.33,1725.39,False,Model NEEDS INVESTIGATION - Base SOMSC is below SoilGrids observation (-64.77%).,/Users/mac/Documents/Spinup_testing/daycent_sites2/sites/Banerjee_2018/somsc_check/somsc_check_summary.txt,NEEDS INVESTIGATION,NEEDS INVESTIGATION,False,2101.0,5334.33,3233.33
Behera_2021,-6.984999999999999,-164.995,1186.1435,2937.8485,0,-158.01,1751.7050000000002,🔴 Degraded,🟢 Large end-SOMSC gain,,,1186.14,1195.04,False,Model NEEDS INVESTIGATION - Base SOMSC is below SoilGrids observation (-61.48%).,/Users/mac/DAYCENT/daycent_sites/sites/Behera_2021/somsc_check/somsc_check_summary.txt,5.0,15.0,2937.85,3278.64,True,OK for Calibration - Base SOMSC meets or exceeds SoilGrids observation.,/Users/mac/Documents/Spinup_testing/daycent_sites2/sites/Behera_2021/somsc_check/somsc_check_summary.txt,NEEDS INVESTIGATION,OK,True,1186.14,2937.85,1751.7099999999998
Bhattacharya_2023,-26.634999999999998,-125.815,1224.19,3202.0975,4,-99.18,1977.9074999999998,🔴 Degraded,🟢 Large end-SOMSC gain,,,1224.19,1253.97,False,Model NEEDS INVESTIGATION - Base SOMSC is below SoilGrids observation (-62.32%).,/Users/mac/DAYCENT/daycent_sites/sites/Bhattacharya_2023/somsc_check/somsc_check_summary.txt,0.0,4.0,3202.1,3601.26,True,OK for Calibration - Base SOMSC meets or exceeds SoilGrids observation.,/Users/mac/Documents/Spinup_testing/daycent_sites2/sites/Bhattacharya_2023/somsc_check/somsc_check_summary.txt,NEEDS INVESTIGATION,OK,True,1224.19,3202.1,1977.9099999999999
Bhattacharyya_2018,-23.01,-263.06666666666666,1215.66,2975.2333333333336,0,-240.05666666666667,1759.5733333333335,🔴 Degraded,🟢 Large end-SOMSC gain,,,1215.66,1240.72,False,Model NEEDS INVESTIGATION - Base SOMSC is below SoilGrids observation (-61.68%).,/Users/mac/DAYCENT/daycent_sites/sites/Bhattacharyya_2018/somsc_check/somsc_check_summary.txt,0.0,3.0,2975.24,4286.82,True,OK for Calibration - Base SOMSC meets or exceeds SoilGrids observation.,/Users/mac/Documents/Spinup_testing/daycent_sites2/sites/Bhattacharyya_2018/somsc_check/somsc_check_summary.txt,NEEDS INVESTIGATION,OK,True,1215.66,2975.24,1759.5799999999997
Biswakarma_2019,-136.92,1.1633333333333322,1313.5066666666667,3322.2333333333336,12,138.08333333333331,2008.726666666667,🟢 Massive Overall Fix,🟢 Large end-SOMSC gain,,,1313.51,1453.35,False,Model NEEDS INVESTIGATION - Base SOMSC is below SoilGrids observation (-56.24%).,/Users/mac/DAYCENT/daycent_sites/sites/Biswakarma_2019/somsc_check/somsc_check_summary.txt,6.0,6.0,3322.23,743.31,False,Model NEEDS INVESTIGATION - Base SOMSC is below SoilGrids observation (-77.62%).,/Users/mac/Documents/Spinup_testing/daycent_sites2/sites/Biswakarma_2019/somsc_check/somsc_check_summary.txt,NEEDS INVESTIGATION,NEEDS INVESTIGATION,False,1313.51,3322.23,2008.72
Borah_2023,-335.47875,-98.675,561.65125,4753.40625,8,236.80374999999998,4191.755,🟢 Massive Overall Fix,🟢 Large end-SOMSC gain,,,561.65,900.11,False,Model NEEDS INVESTIGATION - Base SOMSC is below SoilGrids observation (-81.45%).,/Users/mac/DAYCENT/daycent_sites/sites/Borah_2023/somsc_check/somsc_check_summary.txt,4.0,4.0,4753.41,369.75,False,Model NEEDS INVESTIGATION - Base SOMSC is below SoilGrids observation (-92.38%).,/Users/mac/Documents/Spinup_testing/daycent_sites2/sites/Borah_2023/somsc_check/somsc_check_summary.txt,NEEDS INVESTIGATION,NEEDS INVESTIGATION,False,561.65,4753.41,4191.76
Chary_2019,-193.81687499999998,49.263125,1334.9466666666667,3276.0404166666667,48,243.07999999999998,1941.09375,🟢 Massive Overall Fix,🟢 Large end-SOMSC gain,,,1334.95,1527.28,False,Model NEEDS INVESTIGATION - Base SOMSC is below SoilGrids observation (-52.67%).,/Users/mac/DAYCENT/daycent_sites/sites/Chary_2019/somsc_check/somsc_check_summary.txt,25.0,23.0,3276.04,271.2,False,Model NEEDS INVESTIGATION - Base SOMSC is below SoilGrids observation (-91.60%).,/Users/mac/Documents/Spinup_testing/daycent_sites2/sites/Chary_2019/somsc_check/somsc_check_summary.txt,NEEDS INVESTIGATION,NEEDS INVESTIGATION,False,1334.95,3276.04,1941.09
Chatterjee_2018,20.791666666666664,35.6775,1109.0741666666665,2834.3875000000003,12,14.885833333333338,1725.3133333333337,🟡 Stabilized / Slight Change,🟢 Large end-SOMSC gain,,,1109.08,1091.09,False,Model NEEDS INVESTIGATION - Base SOMSC is below SoilGrids observation (-61.01%).,/Users/mac/DAYCENT/daycent_sites/sites/Chatterjee_2018/somsc_check/somsc_check_summary.txt,6.0,6.0,2834.39,277.19,False,Model NEEDS INVESTIGATION - Base SOMSC is below SoilGrids observation (-90.09%).,/Users/mac/Documents/Spinup_testing/daycent_sites2/sites/Chatterjee_2018/somsc_check/somsc_check_summary.txt,NEEDS INVESTIGATION,NEEDS INVESTIGATION,False,1109.08,2834.39,1725.31
Chaudhari_2020,-23.264,-33.832,1501.078,4291.518,5,-10.568000000000001,2790.44,🔴 Degraded,🟢 Large end-SOMSC gain,,,1501.08,1527.96,False,Model NEEDS INVESTIGATION - Base SOMSC is below SoilGrids observation (-73.45%).,/Users/mac/DAYCENT/daycent_sites/sites/Chaudhari_2020/somsc_check/somsc_check_summary.txt,0.0,5.0,4291.52,501.98,False,Model NEEDS INVESTIGATION - Base SOMSC is below SoilGrids observation (-88.39%).,/Users/mac/Documents/Spinup_testing/daycent_sites2/sites/Chaudhari_2020/somsc_check/somsc_check_summary.txt,NEEDS INVESTIGATION,NEEDS INVESTIGATION,False,1501.08,4291.52,2790.4400000000005
Chaudhary_2017,19.8775,-10.0575,1297.575,3755.8974999999996,0,-29.935000000000002,2458.3224999999993,🔴 Degraded,🟢 Large end-SOMSC gain,,,1297.57,1280.87,False,Model NEEDS INVESTIGATION - Base SOMSC is below SoilGrids observation (-65.99%).,/Users/mac/DAYCENT/daycent_sites/sites/Chaudhary_2017/somsc_check/somsc_check_summary.txt,8.0,4.0,3755.9,2442.83,False,Model NEEDS INVESTIGATION - Base SOMSC is below SoilGrids observation (-35.13%).,/Users/mac/Documents/Spinup_testing/daycent_sites2/sites/Chaudhary_2017/somsc_check/somsc_check_summary.txt,NEEDS INVESTIGATION,NEEDS INVESTIGATION,False,1297.57,3755.9,2458.33
Chinnadurai_2013,-1302.67,-2209.366666666667,585.8000000000001,4018.9500000000003,3,-906.6966666666667,3433.15,🔴 Degraded,🟢 Large end-SOMSC gain,,,585.8,1842.31,False,Model NEEDS INVESTIGATION - Base SOMSC is below SoilGrids observation (-70.31%).,/Users/mac/DAYCENT/daycent_sites/sites/Chinnadurai_2013/somsc_check/somsc_check_summary.txt,0.0,3.0,4018.95,484.17,False,Model NEEDS INVESTIGATION - Base SOMSC is below SoilGrids observation (-92.20%).,/Users/mac/Documents/Spinup_testing/daycent_sites2/sites/Chinnadurai_2013/somsc_check/somsc_check_summary.txt,NEEDS INVESTIGATION,NEEDS INVESTIGATION,False,585.8,4018.95,3433.1499999999996
Choudhary_2018,41.346000000000004,113.343,1286.876,3351.4175000000005,0,71.997,2064.5415000000003,🟢 Massive Overall Fix,🟢 Large end-SOMSC gain,,,1286.88,1248.7,False,Model NEEDS INVESTIGATION - Base SOMSC is below SoilGrids observation (-61.44%).,/Users/mac/DAYCENT/daycent_sites/sites/Choudhary_2018/somsc_check/somsc_check_summary.txt,20.0,0.0,3351.42,437.19,False,Model NEEDS INVESTIGATION - Base SOMSC is below SoilGrids observation (-86.50%).,/Users/mac/Documents/Spinup_testing/daycent_sites2/sites/Choudhary_2018/somsc_check/somsc_check_summary.txt,NEEDS INVESTIGATION,NEEDS INVESTIGATION,False,1286.88,3351.42,2064.54
Das_2013,-4.404375000000002,,1241.1275,,0,,,⚪ No data,⚪ No data,,,1241.13,1248.7,False,Model NEEDS INVESTIGATION - Base SOMSC is below SoilGrids observation (-61.44%).,/Users/mac/DAYCENT/daycent_sites/sites/Das_2013/somsc_check/somsc_check_summary.txt,,,,,,,,NEEDS INVESTIGATION,,True,1241.13,,
Das_2018,-3.680000000000001,-90.69200000000001,1234.9940000000001,3147.54,0,-87.012,1912.5459999999998,🔴 Degraded,🟢 Large end-SOMSC gain,,,1234.99,1240.71,False,Model NEEDS INVESTIGATION - Base SOMSC is below SoilGrids observation (-61.68%).,/Users/mac/DAYCENT/daycent_sites/sites/Das_2018/somsc_check/somsc_check_summary.txt,1.0,4.0,3147.54,3662.05,True,OK for Calibration - Base SOMSC meets or exceeds SoilGrids observation.,/Users/mac/Documents/Spinup_testing/daycent_sites2/sites/Das_2018/somsc_check/somsc_check_summary.txt,NEEDS INVESTIGATION,OK,True,1234.99,3147.54,1912.55
Dhadli_2016,1014.0674999999999,186.5225000000002,1571.5975,3999.9775,4,-827.5449999999996,2428.38,🔴 Degraded,🟢 Large end-SOMSC gain,,,1571.6,558.38,False,Model NEEDS INVESTIGATION - Base SOMSC is below SoilGrids observation (-85.36%).,/Users/mac/DAYCENT/daycent_sites/sites/Dhadli_2016/somsc_check/somsc_check_summary.txt,1.0,3.0,3999.98,4203.0,True,OK for Calibration - Base SOMSC meets or exceeds SoilGrids observation.,/Users/mac/Documents/Spinup_testing/daycent_sites2/sites/Dhadli_2016/somsc_check/somsc_check_summary.txt,NEEDS INVESTIGATION,OK,True,1571.6,3999.98,2428.38
Dinesh_2022,461.07875,-373.17875000000004,1553.04375,3121.295,8,-834.2575,1568.25125,🔴 Degraded,🟢 Large end-SOMSC gain,,,1553.04,1094.78,False,Model NEEDS INVESTIGATION - Base SOMSC is below SoilGrids observation (-68.67%).,/Users/mac/DAYCENT/daycent_sites/sites/Dinesh_2022/somsc_check/somsc_check_summary.txt,0.0,8.0,3121.29,6310.06,True,OK for Calibration - Base SOMSC meets or exceeds SoilGrids observation.,/Users/mac/Documents/Spinup_testing/daycent_sites2/sites/Dinesh_2022/somsc_check/somsc_check_summary.txt,NEEDS INVESTIGATION,OK,True,1553.04,3121.29,1568.25
Dinesh_2024,533.8512499999999,504.5925,1808.845,3998.40125,8,-29.258749999999964,2189.5562499999996,🔴 Degraded,🟢 Large end-SOMSC gain,,,1808.84,1278.2,False,Model NEEDS INVESTIGATION - Base SOMSC is below SoilGrids observation (-63.42%).,/Users/mac/DAYCENT/daycent_sites/sites/Dinesh_2024/somsc_check/somsc_check_summary.txt,8.0,0.0,3998.4,1278.35,False,Model NEEDS INVESTIGATION - Base SOMSC is below SoilGrids observation (-63.41%).,/Users/mac/Documents/Spinup_testing/daycent_sites2/sites/Dinesh_2024/somsc_check/somsc_check_summary.txt,NEEDS INVESTIGATION,NEEDS INVESTIGATION,False,1808.84,3998.4,2189.5600000000004
Gabhane_2014,-127.098,-107.79099999999998,2380.0690000000004,3180.785,10,19.307000000000016,800.7159999999994,🟡 Stabilized / Slight Change,🟢 Large end-SOMSC gain,,,2380.07,2512.03,False,Model NEEDS INVESTIGATION - Base SOMSC is below SoilGrids observation (-23.61%).,/Users/mac/DAYCENT/daycent_sites/sites/Gabhane_2014/somsc_check/somsc_check_summary.txt,2.0,8.0,3180.79,2126.25,False,Model NEEDS INVESTIGATION - Base SOMSC is below SoilGrids observation (-35.34%).,/Users/mac/Documents/Spinup_testing/daycent_sites2/sites/Gabhane_2014/somsc_check/somsc_check_summary.txt,NEEDS INVESTIGATION,NEEDS INVESTIGATION,False,2380.07,3180.79,800.7199999999998
Ghosh_2006,-282.36525,-323.8535,1317.89475,4770.2225,40,-41.488249999999994,3452.32775,🔴 Degraded,🟢 Large end-SOMSC gain,,,1317.89,1600.19,False,Model NEEDS INVESTIGATION - Base SOMSC is below SoilGrids observation (-68.59%).,/Users/mac/DAYCENT/daycent_sites/sites/Ghosh_2006/somsc_check/somsc_check_summary.txt,0.0,40.0,4770.22,1607.37,False,Model NEEDS INVESTIGATION - Base SOMSC is below SoilGrids observation (-68.45%).,/Users/mac/Documents/Spinup_testing/daycent_sites2/sites/Ghosh_2006/somsc_check/somsc_check_summary.txt,NEEDS INVESTIGATION,NEEDS INVESTIGATION,False,1317.89,4770.22,3452.33
Ghosh_2017,-324.33666666666664,-41.02333333333334,1288.9433333333334,4464.128333333333,6,283.3133333333333,3175.1849999999995,🟢 Massive Overall Fix,🟢 Large end-SOMSC gain,,,1288.94,1617.82,False,Model NEEDS INVESTIGATION - Base SOMSC is below SoilGrids observation (-64.09%).,/Users/mac/DAYCENT/daycent_sites/sites/Ghosh_2017/somsc_check/somsc_check_summary.txt,2.0,4.0,4464.13,950.75,False,Model NEEDS INVESTIGATION - Base SOMSC is below SoilGrids observation (-78.90%).,/Users/mac/Documents/Spinup_testing/daycent_sites2/sites/Ghosh_2017/somsc_check/somsc_check_summary.txt,NEEDS INVESTIGATION,NEEDS INVESTIGATION,False,1288.94,4464.13,3175.19
Ghosh_2018,764.8450000000001,553.2283333333334,2232.2383333333332,8904.148333333333,6,-211.6166666666668,6671.91,🔴 Degraded,🟢 Large end-SOMSC gain,,,2232.24,1468.38,False,Model NEEDS INVESTIGATION - Base SOMSC is below SoilGrids observation (-82.42%).,/Users/mac/DAYCENT/daycent_sites/sites/Ghosh_2018/somsc_check/somsc_check_summary.txt,2.0,4.0,8904.15,3452.42,False,Model NEEDS INVESTIGATION - Base SOMSC is below SoilGrids observation (-58.66%).,/Users/mac/Documents/Spinup_testing/daycent_sites2/sites/Ghosh_2018/somsc_check/somsc_check_summary.txt,NEEDS INVESTIGATION,NEEDS INVESTIGATION,False,2232.24,8904.15,6671.91
Gopinath_2022,-159.92,143.34555555555553,1427.3044444444445,4429.065555555556,9,303.2655555555555,3001.7611111111114,🟢 Massive Overall Fix,🟢 Large end-SOMSC gain,,,1427.3,1592.05,False,Model NEEDS INVESTIGATION - Base SOMSC is below SoilGrids observation (-39.20%).,/Users/mac/DAYCENT/daycent_sites/sites/Gopinath_2022/somsc_check/somsc_check_summary.txt,6.0,3.0,4429.07,268.99,False,Model NEEDS INVESTIGATION - Base SOMSC is below SoilGrids observation (-93.72%).,/Users/mac/Documents/Spinup_testing/daycent_sites2/sites/Gopinath_2022/somsc_check/somsc_check_summary.txt,NEEDS INVESTIGATION,NEEDS INVESTIGATION,False,1427.3,4429.07,3001.7699999999995
Govindasamy_2020,-904.4549999999999,-1370.12,1039.29,5746.88,2,-465.66499999999996,4707.59,🔴 Degraded,🟢 Large end-SOMSC gain,,,1039.29,1943.62,False,Model NEEDS INVESTIGATION - Base SOMSC is below SoilGrids observation (-72.69%).,/Users/mac/DAYCENT/daycent_sites/sites/Govindasamy_2020/somsc_check/somsc_check_summary.txt,0.0,2.0,5746.88,2907.73,False,Model NEEDS INVESTIGATION - Base SOMSC is below SoilGrids observation (-59.14%).,/Users/mac/Documents/Spinup_testing/daycent_sites2/sites/Govindasamy_2020/somsc_check/somsc_check_summary.txt,NEEDS INVESTIGATION,NEEDS INVESTIGATION,False,1039.29,5746.88,4707.59
Gudadhe_2015,-154.11821428571426,20.947499999999998,2226.4860714285714,5282.726785714286,0,175.06571428571425,3056.2407142857146,🟢 Massive Overall Fix,🟢 Large end-SOMSC gain,,,2226.49,2385.08,False,Model NEEDS INVESTIGATION - Base SOMSC is below SoilGrids observation (-54.67%).,/Users/mac/DAYCENT/daycent_sites/sites/Gudadhe_2015/somsc_check/somsc_check_summary.txt,16.0,12.0,5282.73,710.37,False,Model NEEDS INVESTIGATION - Base SOMSC is below SoilGrids observation (-86.50%).,/Users/mac/Documents/Spinup_testing/daycent_sites2/sites/Gudadhe_2015/somsc_check/somsc_check_summary.txt,NEEDS INVESTIGATION,NEEDS INVESTIGATION,False,2226.49,5282.73,3056.24
Hati_2015,59.193999999999996,-133.447,2226.134,3213.382,0,-192.641,987.248,🔴 Degraded,🟢 Large end-SOMSC gain,,,2226.14,2171.63,False,Model NEEDS INVESTIGATION - Base SOMSC is below SoilGrids observation (-35.11%).,/Users/mac/DAYCENT/daycent_sites/sites/Hati_2015/somsc_check/somsc_check_summary.txt,5.0,5.0,3213.38,7099.61,True,OK for Calibration - Base SOMSC meets or exceeds SoilGrids observation.,/Users/mac/Documents/Spinup_testing/daycent_sites2/sites/Hati_2015/somsc_check/somsc_check_summary.txt,NEEDS INVESTIGATION,OK,True,2226.14,3213.38,987.2400000000002
Hazra_2019,-166.85583333333332,253.84833333333336,1463.9366666666665,4361.483333333334,12,420.70416666666665,2897.546666666667,🟢 Massive Overall Fix,🟢 Large end-SOMSC gain,,,1463.94,1635.35,False,Model NEEDS INVESTIGATION - Base SOMSC is below SoilGrids observation (-60.19%).,/Users/mac/DAYCENT/daycent_sites/sites/Hazra_2019/somsc_check/somsc_check_summary.txt,4.0,8.0,4361.48,930.52,False,Model NEEDS INVESTIGATION - Base SOMSC is below SoilGrids observation (-77.35%).,/Users/mac/Documents/Spinup_testing/daycent_sites2/sites/Hazra_2019/somsc_check/somsc_check_summary.txt,NEEDS INVESTIGATION,NEEDS INVESTIGATION,False,1463.94,4361.48,2897.5399999999995
Ishaq_2002,-123.82444444444445,-22.477777777777774,1059.6555555555556,3909.485555555556,0,101.34666666666668,2849.8300000000004,🟢 Massive Overall Fix,🟢 Large end-SOMSC gain,,,1059.65,1183.6,False,Model NEEDS INVESTIGATION - Base SOMSC is below SoilGrids observation (-69.90%).,/Users/mac/DAYCENT/daycent_sites/sites/Ishaq_2002/somsc_check/somsc_check_summary.txt,0.0,9.0,3909.49,752.12,False,Model NEEDS INVESTIGATION - Base SOMSC is below SoilGrids observation (-80.87%).,/Users/mac/Documents/Spinup_testing/daycent_sites2/sites/Ishaq_2002/somsc_check/somsc_check_summary.txt,NEEDS INVESTIGATION,NEEDS INVESTIGATION,False,1059.65,3909.49,2849.8399999999997
Jain_2018,-89.92545454545454,9.366363636363637,1527.1445454545456,3760.67,11,99.29181818181817,2233.5254545454545,🟢 Massive Overall Fix,🟢 Large end-SOMSC gain,,,1527.14,1619.73,False,Model NEEDS INVESTIGATION - Base SOMSC is below SoilGrids observation (-56.82%).,/Users/mac/DAYCENT/daycent_sites/sites/Jain_2018/somsc_check/somsc_check_summary.txt,8.0,3.0,3760.67,140.3,False,Model NEEDS INVESTIGATION - Base SOMSC is below SoilGrids observation (-96.26%).,/Users/mac/Documents/Spinup_testing/daycent_sites2/sites/Jain_2018/somsc_check/somsc_check_summary.txt,NEEDS INVESTIGATION,NEEDS INVESTIGATION,False,1527.14,3760.67,2233.5299999999997
Jat_2024,-53.24944444444444,56.300000000000004,1475.3205555555555,3903.139444444444,18,109.54944444444445,2427.8188888888885,🟢 Massive Overall Fix,🟢 Large end-SOMSC gain,,,1475.32,1531.08,False,Model NEEDS INVESTIGATION - Base SOMSC is below SoilGrids observation (-60.20%).,/Users/mac/DAYCENT/daycent_sites/sites/Jat_2024/somsc_check/somsc_check_summary.txt,10.0,8.0,3903.14,973.21,False,Model NEEDS INVESTIGATION - Base SOMSC is below SoilGrids observation (-74.70%).,/Users/mac/Documents/Spinup_testing/daycent_sites2/sites/Jat_2024/somsc_check/somsc_check_summary.txt,NEEDS INVESTIGATION,NEEDS INVESTIGATION,False,1475.32,3903.14,2427.8199999999997
Jayaraman_2020,-233.89375,11.332499999999998,1957.6675,3342.1925,8,245.22625000000002,1384.525,🟢 Massive Overall Fix,🟢 Large end-SOMSC gain,,,1957.67,2194.79,False,Model NEEDS INVESTIGATION - Base SOMSC is below SoilGrids observation (-34.11%).,/Users/mac/DAYCENT/daycent_sites/sites/Jayaraman_2020/somsc_check/somsc_check_summary.txt,5.0,3.0,3342.19,813.08,False,Model NEEDS INVESTIGATION - Base SOMSC is below SoilGrids observation (-75.59%).,/Users/mac/Documents/Spinup_testing/daycent_sites2/sites/Jayaraman_2020/somsc_check/somsc_check_summary.txt,NEEDS INVESTIGATION,NEEDS INVESTIGATION,False,1957.67,3342.19,1384.52
Jayaraman_2022,-166.75833333333335,,2481.4166666666665,,0,,,⚪ No data,⚪ No data,,,2481.42,2653.03,False,Model NEEDS INVESTIGATION - Base SOMSC is below SoilGrids observation (-20.39%).,/Users/mac/DAYCENT/daycent_sites/sites/Jayaraman_2022/somsc_check/somsc_check_summary.txt,,,,,,,,NEEDS INVESTIGATION,,True,2481.42,,
Joseph_2023a,-11.239999999999991,-233.67,1415.882,3094.334,0,-222.43,1678.4519999999998,🔴 Degraded,🟢 Large end-SOMSC gain,,,1415.88,1430.2,False,Model NEEDS INVESTIGATION - Base SOMSC is below SoilGrids observation (-57.02%).,/Users/mac/DAYCENT/daycent_sites/sites/Joseph_2023a/somsc_check/somsc_check_summary.txt,1.0,4.0,3094.33,4418.42,True,OK for Calibration - Base SOMSC meets or exceeds SoilGrids observation.,/Users/mac/Documents/Spinup_testing/daycent_sites2/sites/Joseph_2023a/somsc_check/somsc_check_summary.txt,NEEDS INVESTIGATION,OK,True,1415.88,3094.33,1678.4499999999998
Joseph_2023b,-102.79,-478.75,1325.3366666666668,2849.44,0,-375.96,1524.1033333333332,🔴 Degraded,🟢 Large end-SOMSC gain,,,1325.34,1431.18,False,Model NEEDS INVESTIGATION - Base SOMSC is below SoilGrids observation (-57.00%).,/Users/mac/DAYCENT/daycent_sites/sites/Joseph_2023b/somsc_check/somsc_check_summary.txt,0.0,3.0,2849.44,4365.14,True,OK for Calibration - Base SOMSC meets or exceeds SoilGrids observation.,/Users/mac/Documents/Spinup_testing/daycent_sites2/sites/Joseph_2023b/somsc_check/somsc_check_summary.txt,NEEDS INVESTIGATION,OK,True,1325.34,2849.44,1524.1000000000001
Kalyani_2019,218.75333333333333,228.59166666666667,2439.8216666666667,3641.2450000000003,6,9.838333333333338,1201.4233333333336,🟡 Stabilized / Slight Change,🟢 Large end-SOMSC gain,,,2439.82,2223.56,False,Model NEEDS INVESTIGATION - Base SOMSC is below SoilGrids observation (-34.84%).,/Users/mac/DAYCENT/daycent_sites/sites/Kalyani_2019/somsc_check/somsc_check_summary.txt,5.0,1.0,3641.25,939.2,False,Model NEEDS INVESTIGATION - Base SOMSC is below SoilGrids observation (-72.48%).,/Users/mac/Documents/Spinup_testing/daycent_sites2/sites/Kalyani_2019/somsc_check/somsc_check_summary.txt,NEEDS INVESTIGATION,NEEDS INVESTIGATION,False,2439.82,3641.25,1201.4299999999998
Kanchikerimath_2001,254.154,-479.8740000000001,1657.0040000000001,2733.0,0,-734.028,1075.9959999999999,🔴 Degraded,🟢 Large end-SOMSC gain,,,1657.0,1405.73,False,Model NEEDS INVESTIGATION - Base SOMSC is below SoilGrids observation (-56.25%).,/Users/mac/DAYCENT/daycent_sites/sites/Kanchikerimath_2001/somsc_check/somsc_check_summary.txt,1.0,4.0,2733.0,5397.24,True,OK for Calibration - Base SOMSC meets or exceeds SoilGrids observation.,/Users/mac/Documents/Spinup_testing/daycent_sites2/sites/Kanchikerimath_2001/somsc_check/somsc_check_summary.txt,NEEDS INVESTIGATION,OK,True,1657.0,2733.0,1076.0
Karunakaran_2013,-73.74,-93.71,1323.39125,2889.659375,16,-19.97,1566.2681250000003,🔴 Degraded,🟢 Large end-SOMSC gain,,,1323.39,1398.12,False,Model NEEDS INVESTIGATION - Base SOMSC is below SoilGrids observation (-53.14%).,/Users/mac/DAYCENT/daycent_sites/sites/Karunakaran_2013/somsc_check/somsc_check_summary.txt,0.0,16.0,2889.66,1492.81,False,Model NEEDS INVESTIGATION - Base SOMSC is below SoilGrids observation (-49.96%).,/Users/mac/Documents/Spinup_testing/daycent_sites2/sites/Karunakaran_2013/somsc_check/somsc_check_summary.txt,NEEDS INVESTIGATION,NEEDS INVESTIGATION,False,1323.39,2889.66,1566.2699999999998
Khan_2021,159.78,-19.96125,2038.7649999999999,3202.66875,0,-179.74125,1163.90375,🔴 Degraded,🟢 Large end-SOMSC gain,,,2038.76,1880.19,False,Model NEEDS INVESTIGATION - Base SOMSC is below SoilGrids observation (-41.65%).,/Users/mac/DAYCENT/daycent_sites/sites/Khan_2021/somsc_check/somsc_check_summary.txt,4.0,4.0,3202.67,3054.54,False,Model NEEDS INVESTIGATION - Base SOMSC is below SoilGrids observation (-5.21%).,/Users/mac/Documents/Spinup_testing/daycent_sites2/sites/Khan_2021/somsc_check/somsc_check_summary.txt,NEEDS INVESTIGATION,NEEDS INVESTIGATION,False,2038.76,3202.67,1163.91
Khokhar_2022,285.15,343.36666666666673,1092.78,6002.776666666668,6,58.216666666666754,4909.996666666668,🟢 Massive Overall Fix,🟢 Large end-SOMSC gain,,,1092.78,808.72,False,Model NEEDS INVESTIGATION - Base SOMSC is below SoilGrids observation (-85.71%).,/Users/mac/DAYCENT/daycent_sites/sites/Khokhar_2022/somsc_check/somsc_check_summary.txt,4.0,2.0,6002.78,669.45,False,Model NEEDS INVESTIGATION - Base SOMSC is below SoilGrids observation (-88.17%).,/Users/mac/Documents/Spinup_testing/daycent_sites2/sites/Khokhar_2022/somsc_check/somsc_check_summary.txt,NEEDS INVESTIGATION,NEEDS INVESTIGATION,False,1092.78,6002.78,4910.0
Kumar_2016,17.70375,-13.691874999999996,1286.76375,3842.750625,16,-31.395624999999995,2555.986875,🔴 Degraded,🟢 Large end-SOMSC gain,,,1286.76,1270.15,False,Model NEEDS INVESTIGATION - Base SOMSC is below SoilGrids observation (-67.06%).,/Users/mac/DAYCENT/daycent_sites/sites/Kumar_2016/somsc_check/somsc_check_summary.txt,7.0,9.0,3842.75,3747.78,False,Model NEEDS INVESTIGATION - Base SOMSC is below SoilGrids observation (-2.82%).,/Users/mac/Documents/Spinup_testing/daycent_sites2/sites/Kumar_2016/somsc_check/somsc_check_summary.txt,NEEDS INVESTIGATION,NEEDS INVESTIGATION,False,1286.76,3842.75,2555.99
Kumar_2017,17.985,22.862499999999997,2499.255,3668.99375,8,4.877499999999998,1169.73875,🟡 Stabilized / Slight Change,🟢 Large end-SOMSC gain,,,2499.25,2482.74,False,Model NEEDS INVESTIGATION - Base SOMSC is below SoilGrids observation (-5.18%).,/Users/mac/DAYCENT/daycent_sites/sites/Kumar_2017/somsc_check/somsc_check_summary.txt,7.0,1.0,3668.99,0.04,False,Model NEEDS INVESTIGATION - Base SOMSC is below SoilGrids observation (-100.00%).,/Users/mac/Documents/Spinup_testing/daycent_sites2/sites/Kumar_2017/somsc_check/somsc_check_summary.txt,NEEDS INVESTIGATION,NEEDS INVESTIGATION,False,2499.25,3668.99,1169.7399999999998
Kumar_2022,-111.78777777777778,65.7611111111111,1138.8000000000002,5364.064444444444,9,177.54888888888888,4225.264444444444,🟢 Massive Overall Fix,🟢 Large end-SOMSC gain,,,1138.8,1253.64,False,Model NEEDS INVESTIGATION - Base SOMSC is below SoilGrids observation (-76.43%).,/Users/mac/DAYCENT/daycent_sites/sites/Kumar_2022/somsc_check/somsc_check_summary.txt,6.0,3.0,5364.06,705.5,False,Model NEEDS INVESTIGATION - Base SOMSC is below SoilGrids observation (-86.68%).,/Users/mac/Documents/Spinup_testing/daycent_sites2/sites/Kumar_2022/somsc_check/somsc_check_summary.txt,NEEDS INVESTIGATION,NEEDS INVESTIGATION,False,1138.8,5364.06,4225.26
Kundu_2013,-124.59625,-3.1025000000000005,2435.67375,4282.671249999999,16,121.49374999999999,1846.9974999999995,🟢 Massive Overall Fix,🟢 Large end-SOMSC gain,,,2435.67,2565.13,False,Model NEEDS INVESTIGATION - Base SOMSC is below SoilGrids observation (-28.31%).,/Users/mac/DAYCENT/daycent_sites/sites/Kundu_2013/somsc_check/somsc_check_summary.txt,6.0,10.0,4282.67,661.86,False,Model NEEDS INVESTIGATION - Base SOMSC is below SoilGrids observation (-84.56%).,/Users/mac/Documents/Spinup_testing/daycent_sites2/sites/Kundu_2013/somsc_check/somsc_check_summary.txt,NEEDS INVESTIGATION,NEEDS INVESTIGATION,False,2435.67,4282.67,1847.0
Laskhman_2024,6.9725,10.415,1788.3925,4862.505,4,3.442499999999999,3074.1125,🟡 Stabilized / Slight Change,🟢 Large end-SOMSC gain,,,1788.39,1785.64,False,Model NEEDS INVESTIGATION - Base SOMSC is below SoilGrids observation (-63.20%).,/Users/mac/DAYCENT/daycent_sites/sites/Laskhman_2024/somsc_check/somsc_check_summary.txt,2.0,2.0,4862.51,125.38,False,Model NEEDS INVESTIGATION - Base SOMSC is below SoilGrids observation (-97.42%).,/Users/mac/Documents/Spinup_testing/daycent_sites2/sites/Laskhman_2024/somsc_check/somsc_check_summary.txt,NEEDS INVESTIGATION,NEEDS INVESTIGATION,False,1788.39,4862.51,3074.12
Lenka_2016,-415.07333333333327,-343.76666666666665,2053.1033333333335,2988.736666666666,3,71.30666666666662,935.6333333333328,🟢 Massive Overall Fix,🟢 Large end-SOMSC gain,,,2053.11,2472.68,False,Model NEEDS INVESTIGATION - Base SOMSC is below SoilGrids observation (-5.49%).,/Users/mac/DAYCENT/daycent_sites/sites/Lenka_2016/somsc_check/somsc_check_summary.txt,0.0,3.0,2988.74,2144.67,False,Model NEEDS INVESTIGATION - Base SOMSC is below SoilGrids observation (-35.64%).,/Users/mac/Documents/Spinup_testing/daycent_sites2/sites/Lenka_2016/somsc_check/somsc_check_summary.txt,NEEDS INVESTIGATION,NEEDS INVESTIGATION,False,2053.11,2988.74,935.6299999999997
Lenka_2022,259.2766666666667,412.49666666666667,2398.5066666666667,3745.0099999999998,6,153.21999999999997,1346.503333333333,🟢 Massive Overall Fix,🟢 Large end-SOMSC gain,,,2398.51,2143.93,False,Model NEEDS INVESTIGATION - Base SOMSC is below SoilGrids observation (-35.67%).,/Users/mac/DAYCENT/daycent_sites/sites/Lenka_2022/somsc_check/somsc_check_summary.txt,6.0,0.0,3745.01,998.91,False,Model NEEDS INVESTIGATION - Base SOMSC is below SoilGrids observation (-70.03%).,/Users/mac/Documents/Spinup_testing/daycent_sites2/sites/Lenka_2022/somsc_check/somsc_check_summary.txt,NEEDS INVESTIGATION,NEEDS INVESTIGATION,False,2398.51,3745.01,1346.5
Locke_2012,-18.918333333333333,-280.04833333333335,1679.795,6163.806666666666,6,-261.13,4484.011666666666,🔴 Degraded,🟢 Large end-SOMSC gain,,,1679.8,1699.74,False,Model NEEDS INVESTIGATION - Base SOMSC is below SoilGrids observation (-73.62%).,/Users/mac/DAYCENT/daycent_sites/sites/Locke_2012/somsc_check/somsc_check_summary.txt,0.0,6.0,6163.81,5752.3,False,Model NEEDS INVESTIGATION - Base SOMSC is below SoilGrids observation (-10.73%).,/Users/mac/Documents/Spinup_testing/daycent_sites2/sites/Locke_2012/somsc_check/somsc_check_summary.txt,NEEDS INVESTIGATION,NEEDS INVESTIGATION,False,1679.8,6163.81,4484.01
Lv_2021,2126.8540000000003,2601.8399999999997,4039.7839999999997,6133.302000000001,5,474.9859999999994,2093.518000000001,🟢 Massive Overall Fix,🟢 Large end-SOMSC gain,,,4039.78,1912.72,False,Model NEEDS INVESTIGATION - Base SOMSC is below SoilGrids observation (-45.84%).,/Users/mac/DAYCENT/daycent_sites/sites/Lv_2021/somsc_check/somsc_check_summary.txt,4.0,1.0,6133.3,887.05,False,Model NEEDS INVESTIGATION - Base SOMSC is below SoilGrids observation (-74.88%).,/Users/mac/Documents/Spinup_testing/daycent_sites2/sites/Lv_2021/somsc_check/somsc_check_summary.txt,NEEDS INVESTIGATION,NEEDS INVESTIGATION,False,4039.78,6133.3,2093.52
Ma_2021,156.058,197.462,932.568,5732.522,5,41.403999999999996,4799.954,🟢 Massive Overall Fix,🟢 Large end-SOMSC gain,,,932.57,775.78,False,Model NEEDS INVESTIGATION - Base SOMSC is below SoilGrids observation (-80.94%).,/Users/mac/DAYCENT/daycent_sites/sites/Ma_2021/somsc_check/somsc_check_summary.txt,4.0,1.0,5732.53,3040.5,False,Model NEEDS INVESTIGATION - Base SOMSC is below SoilGrids observation (-45.07%).,/Users/mac/Documents/Spinup_testing/daycent_sites2/sites/Ma_2021/somsc_check/somsc_check_summary.txt,NEEDS INVESTIGATION,NEEDS INVESTIGATION,False,932.57,5732.53,4799.96
Manna_2013,-691.606,22.817999999999937,2502.532,4617.808,5,714.424,2115.276,🟢 Massive Overall Fix,🟢 Large end-SOMSC gain,,,2502.53,3199.21,True,OK for Calibration - Base SOMSC meets or exceeds SoilGrids observation.,/Users/mac/DAYCENT/daycent_sites/sites/Manna_2013/somsc_check/somsc_check_summary.txt,1.0,4.0,4617.81,1349.59,False,Model NEEDS INVESTIGATION - Base SOMSC is below SoilGrids observation (-70.63%).,/Users/mac/Documents/Spinup_testing/daycent_sites2/sites/Manna_2013/somsc_check/somsc_check_summary.txt,OK,NEEDS INVESTIGATION,True,2502.53,4617.81,2115.28
Meena_2015,-52.554375,-69.9425,1162.804375,3662.501875,16,-17.388124999999995,2499.6975,🔴 Degraded,🟢 Large end-SOMSC gain,,,1162.8,1215.45,False,Model NEEDS INVESTIGATION - Base SOMSC is below SoilGrids observation (-36.48%).,/Users/mac/DAYCENT/daycent_sites/sites/Meena_2015/somsc_check/somsc_check_summary.txt,8.0,8.0,3662.5,1583.2,False,Model NEEDS INVESTIGATION - Base SOMSC is below SoilGrids observation (-57.58%).,/Users/mac/Documents/Spinup_testing/daycent_sites2/sites/Meena_2015/somsc_check/somsc_check_summary.txt,NEEDS INVESTIGATION,NEEDS INVESTIGATION,False,1162.8,3662.5,2499.7
Meena_2023,862.9219999999999,994.9860000000001,2910.692,4387.084000000001,5,132.0640000000002,1476.3920000000007,🟢 Massive Overall Fix,🟢 Large end-SOMSC gain,,,2910.69,2053.5,False,Model NEEDS INVESTIGATION - Base SOMSC is below SoilGrids observation (-39.46%).,/Users/mac/DAYCENT/daycent_sites/sites/Meena_2023/somsc_check/somsc_check_summary.txt,5.0,0.0,4387.08,513.08,False,Model NEEDS INVESTIGATION - Base SOMSC is below SoilGrids observation (-84.87%).,/Users/mac/Documents/Spinup_testing/daycent_sites2/sites/Meena_2023/somsc_check/somsc_check_summary.txt,NEEDS INVESTIGATION,NEEDS INVESTIGATION,False,2910.69,4387.08,1476.3899999999999
Meena_2024,782.862,904.798,2267.4700000000003,4360.776,5,121.93600000000004,2093.3059999999996,🟢 Massive Overall Fix,🟢 Large end-SOMSC gain,,,2267.47,1487.08,False,Model NEEDS INVESTIGATION - Base SOMSC is below SoilGrids observation (-56.97%).,/Users/mac/DAYCENT/daycent_sites/sites/Meena_2024/somsc_check/somsc_check_summary.txt,5.0,0.0,4360.78,560.57,False,Model NEEDS INVESTIGATION - Base SOMSC is below SoilGrids observation (-83.78%).,/Users/mac/Documents/Spinup_testing/daycent_sites2/sites/Meena_2024/somsc_check/somsc_check_summary.txt,NEEDS INVESTIGATION,NEEDS INVESTIGATION,False,2267.47,4360.78,2093.31
Moharana_2017,-574.7940000000001,-137.168,833.54,2431.862,5,437.6260000000001,1598.3220000000001,🟢 Massive Overall Fix,🟢 Large end-SOMSC gain,,,833.54,1410.58,False,Model NEEDS INVESTIGATION - Base SOMSC is below SoilGrids observation (-45.09%).,/Users/mac/DAYCENT/daycent_sites/sites/Moharana_2017/somsc_check/somsc_check_summary.txt,1.0,4.0,2431.86,295.25,False,Model NEEDS INVESTIGATION - Base SOMSC is below SoilGrids observation (-88.51%).,/Users/mac/Documents/Spinup_testing/daycent_sites2/sites/Moharana_2017/somsc_check/somsc_check_summary.txt,NEEDS INVESTIGATION,NEEDS INVESTIGATION,False,833.54,2431.86,1598.3200000000002
Monsefi_2014,-41.32333333333333,22.625,1004.0333333333333,3516.4641666666666,12,63.94833333333333,2512.4308333333333,🟢 Massive Overall Fix,🟢 Large end-SOMSC gain,,,1004.03,1047.59,False,Model NEEDS INVESTIGATION - Base SOMSC is below SoilGrids observation (-51.96%).,/Users/mac/DAYCENT/daycent_sites/sites/Monsefi_2014/somsc_check/somsc_check_summary.txt,10.0,2.0,3516.46,278.36,False,Model NEEDS INVESTIGATION - Base SOMSC is below SoilGrids observation (-92.03%).,/Users/mac/Documents/Spinup_testing/daycent_sites2/sites/Monsefi_2014/somsc_check/somsc_check_summary.txt,NEEDS INVESTIGATION,NEEDS INVESTIGATION,False,1004.03,3516.46,2512.4300000000003
Nath_2022,19.349999999999998,40.51,1270.1725000000001,3368.54,4,21.16,2098.3675,🟢 Massive Overall Fix,🟢 Large end-SOMSC gain,,,1270.17,1253.97,False,Model NEEDS INVESTIGATION - Base SOMSC is below SoilGrids observation (-62.32%).,/Users/mac/DAYCENT/daycent_sites/sites/Nath_2022/somsc_check/somsc_check_summary.txt,2.0,2.0,3368.54,1038.44,False,Model NEEDS INVESTIGATION - Base SOMSC is below SoilGrids observation (-68.80%).,/Users/mac/Documents/Spinup_testing/daycent_sites2/sites/Nath_2022/somsc_check/somsc_check_summary.txt,NEEDS INVESTIGATION,NEEDS INVESTIGATION,False,1270.17,3368.54,2098.37
Pandian_2016,808.8366666666666,876.0988888888888,1799.9411111111112,8292.41888888889,9,67.26222222222225,6492.477777777778,🟢 Massive Overall Fix,🟢 Large end-SOMSC gain,,,1799.94,992.99,False,Model NEEDS INVESTIGATION - Base SOMSC is below SoilGrids observation (-86.61%).,/Users/mac/DAYCENT/daycent_sites/sites/Pandian_2016/somsc_check/somsc_check_summary.txt,8.0,1.0,8292.42,78.49,False,Model NEEDS INVESTIGATION - Base SOMSC is below SoilGrids observation (-98.94%).,/Users/mac/Documents/Spinup_testing/daycent_sites2/sites/Pandian_2016/somsc_check/somsc_check_summary.txt,NEEDS INVESTIGATION,NEEDS INVESTIGATION,False,1799.94,8292.42,6492.48
Parihar_2016,-2.4658333333333347,-339.28416666666664,1084.4983333333332,2898.9133333333334,0,-336.8183333333333,1814.4150000000002,🔴 Degraded,🟢 Large end-SOMSC gain,,,1084.5,1089.76,False,Model NEEDS INVESTIGATION - Base SOMSC is below SoilGrids observation (-66.35%).,/Users/mac/DAYCENT/daycent_sites/sites/Parihar_2016/somsc_check/somsc_check_summary.txt,0.0,12.0,2898.91,5034.24,True,OK for Calibration - Base SOMSC meets or exceeds SoilGrids observation.,/Users/mac/Documents/Spinup_testing/daycent_sites2/sites/Parihar_2016/somsc_check/somsc_check_summary.txt,NEEDS INVESTIGATION,OK,True,1084.5,2898.91,1814.4099999999999
Parihar_2018,16.700833333333335,-263.16333333333336,1262.2325,2975.0333333333333,0,-279.8641666666667,1712.8008333333332,🔴 Degraded,🟢 Large end-SOMSC gain,,,1262.23,1248.7,False,Model NEEDS INVESTIGATION - Base SOMSC is below SoilGrids observation (-61.44%).,/Users/mac/DAYCENT/daycent_sites/sites/Parihar_2018/somsc_check/somsc_check_summary.txt,0.0,12.0,2975.03,5034.24,True,OK for Calibration - Base SOMSC meets or exceeds SoilGrids observation.,/Users/mac/Documents/Spinup_testing/daycent_sites2/sites/Parihar_2018/somsc_check/somsc_check_summary.txt,NEEDS INVESTIGATION,OK,True,1262.23,2975.03,1712.8000000000002
Pathak_2021,2611.58,2570.56,3921.67,6071.47,1,-41.01999999999998,2149.8,🔴 Degraded,🟢 Large end-SOMSC gain,,,3921.67,1315.37,False,Model NEEDS INVESTIGATION - Base SOMSC is below SoilGrids observation (-62.43%).,/Users/mac/DAYCENT/daycent_sites/sites/Pathak_2021/somsc_check/somsc_check_summary.txt,1.0,0.0,6071.47,1328.07,False,Model NEEDS INVESTIGATION - Base SOMSC is below SoilGrids observation (-62.07%).,/Users/mac/Documents/Spinup_testing/daycent_sites2/sites/Pathak_2021/somsc_check/somsc_check_summary.txt,NEEDS INVESTIGATION,NEEDS INVESTIGATION,False,3921.67,6071.47,2149.8
Peng-peng_2019,1425.7399999999998,1435.1733333333334,3083.4600000000005,6301.079999999999,0,9.433333333333621,3217.6199999999985,🟡 Stabilized / Slight Change,🟢 Large end-SOMSC gain,,,3083.46,1655.57,False,Model NEEDS INVESTIGATION - Base SOMSC is below SoilGrids observation (-65.98%).,/Users/mac/DAYCENT/daycent_sites/sites/Peng-peng_2019/somsc_check/somsc_check_summary.txt,4.0,2.0,6301.08,909.64,False,Model NEEDS INVESTIGATION - Base SOMSC is below SoilGrids observation (-81.31%).,/Users/mac/Documents/Spinup_testing/daycent_sites2/sites/Peng-peng_2019/somsc_check/somsc_check_summary.txt,NEEDS INVESTIGATION,NEEDS INVESTIGATION,False,3083.46,6301.08,3217.62
Pooniya_2021,377.1488888888889,-1456.3933333333334,1632.3177777777778,1314.675,6,-1833.5422222222223,-317.64277777777784,🔴 Degraded,🔴 End-SOMSC loss,,,1632.32,1258.35,False,Model NEEDS INVESTIGATION - Base SOMSC is below SoilGrids observation (-54.59%).,/Users/mac/DAYCENT/daycent_sites/sites/Pooniya_2021/somsc_check/somsc_check_summary.txt,0.0,9.0,615.06,9408.59,True,OK for Calibration - Base SOMSC meets or exceeds SoilGrids observation.,/Users/mac/Documents/Spinup_testing/daycent_sites2/sites/Pooniya_2021/somsc_check/somsc_check_summary.txt,NEEDS INVESTIGATION,OK,True,1632.32,615.06,-1017.26
Pradhan_2023,220.1916666666667,201.47333333333336,2462.3250000000003,4362.425,6,-18.718333333333334,1900.1,🔴 Degraded,🟢 Large end-SOMSC gain,,,2462.33,2247.61,False,Model NEEDS INVESTIGATION - Base SOMSC is below SoilGrids observation (-45.98%).,/Users/mac/DAYCENT/daycent_sites/sites/Pradhan_2023/somsc_check/somsc_check_summary.txt,3.0,3.0,4362.42,2248.26,False,Model NEEDS INVESTIGATION - Base SOMSC is below SoilGrids observation (-45.97%).,/Users/mac/Documents/Spinup_testing/daycent_sites2/sites/Pradhan_2023/somsc_check/somsc_check_summary.txt,NEEDS INVESTIGATION,NEEDS INVESTIGATION,False,2462.33,4362.42,1900.0900000000001
Purakayastha_2008,392.2199999999999,256.65,2384.9260000000004,3494.702,0,-135.56999999999994,1109.7759999999998,🔴 Degraded,🟢 Large end-SOMSC gain,,,2384.93,1996.58,False,Model NEEDS INVESTIGATION - Base SOMSC is below SoilGrids observation (-40.09%).,/Users/mac/DAYCENT/daycent_sites/sites/Purakayastha_2008/somsc_check/somsc_check_summary.txt,1.0,4.0,3494.7,1248.67,False,Model NEEDS INVESTIGATION - Base SOMSC is below SoilGrids observation (-61.44%).,/Users/mac/Documents/Spinup_testing/daycent_sites2/sites/Purakayastha_2008/somsc_check/somsc_check_summary.txt,NEEDS INVESTIGATION,NEEDS INVESTIGATION,False,2384.93,3494.7,1109.77
Rafique_2012_awagat,108.6625,272.47875,1249.2925,3443.2487499999997,0,163.81625,2193.9562499999997,🟢 Massive Overall Fix,🟢 Large end-SOMSC gain,,,1249.29,1141.87,False,Model NEEDS INVESTIGATION - Base SOMSC is below SoilGrids observation (-63.99%).,/Users/mac/DAYCENT/daycent_sites/sites/Rafique_2012_awagat/somsc_check/somsc_check_summary.txt,12.0,4.0,3443.25,734.26,False,Model NEEDS INVESTIGATION - Base SOMSC is below SoilGrids observation (-76.84%).,/Users/mac/Documents/Spinup_testing/daycent_sites2/sites/Rafique_2012_awagat/somsc_check/somsc_check_summary.txt,NEEDS INVESTIGATION,NEEDS INVESTIGATION,False,1249.29,3443.25,2193.96
Rafique_2012_shahpur,154.07875,280.06875,1904.6087499999999,3167.09375,0,125.99000000000001,1262.4850000000001,🟢 Massive Overall Fix,🟢 Large end-SOMSC gain,,,1904.61,1751.73,False,Model NEEDS INVESTIGATION - Base SOMSC is below SoilGrids observation (-39.32%).,/Users/mac/DAYCENT/daycent_sites/sites/Rafique_2012_shahpur/somsc_check/somsc_check_summary.txt,12.0,4.0,3167.09,743.79,False,Model NEEDS INVESTIGATION - Base SOMSC is below SoilGrids observation (-74.24%).,/Users/mac/Documents/Spinup_testing/daycent_sites2/sites/Rafique_2012_shahpur/somsc_check/somsc_check_summary.txt,NEEDS INVESTIGATION,NEEDS INVESTIGATION,False,1904.61,3167.09,1262.4800000000002
Ram_2013,130.50125,326.75625,1336.66625,4649.30625,8,196.25500000000002,3312.6399999999994,🟢 Massive Overall Fix,🟢 Large end-SOMSC gain,,,1336.67,1207.91,False,Model NEEDS INVESTIGATION - Base SOMSC is below SoilGrids observation (-54.96%).,/Users/mac/DAYCENT/daycent_sites/sites/Ram_2013/somsc_check/somsc_check_summary.txt,8.0,0.0,4649.31,453.67,False,Model NEEDS INVESTIGATION - Base SOMSC is below SoilGrids observation (-89.50%).,/Users/mac/Documents/Spinup_testing/daycent_sites2/sites/Ram_2013/somsc_check/somsc_check_summary.txt,NEEDS INVESTIGATION,NEEDS INVESTIGATION,False,1336.67,4649.31,3312.6400000000003
Ramu_2024_Alfisol,1.095,-3.1550000000000002,1238.365,4099.88,2,-4.25,2861.5150000000003,🔴 Degraded,🟢 Large end-SOMSC gain,,,1238.37,1239.18,False,Model NEEDS INVESTIGATION - Base SOMSC is below SoilGrids observation (-69.80%).,/Users/mac/DAYCENT/daycent_sites/sites/Ramu_2024_Alfisol/somsc_check/somsc_check_summary.txt,0.0,2.0,4099.88,2190.15,False,Model NEEDS INVESTIGATION - Base SOMSC is below SoilGrids observation (-46.62%).,/Users/mac/Documents/Spinup_testing/daycent_sites2/sites/Ramu_2024_Alfisol/somsc_check/somsc_check_summary.txt,NEEDS INVESTIGATION,NEEDS INVESTIGATION,False,1238.37,4099.88,2861.51
Ramu_2024_vertisol,-0.225,-2.625,2535.6949999999997,4100.415,2,-2.4,1564.7200000000003,🔴 Degraded,🟢 Large end-SOMSC gain,,,2535.69,2539.22,False,Model NEEDS INVESTIGATION - Base SOMSC is below SoilGrids observation (-38.11%).,/Users/mac/DAYCENT/daycent_sites/sites/Ramu_2024_vertisol/somsc_check/somsc_check_summary.txt,0.0,2.0,4100.41,2190.15,False,Model NEEDS INVESTIGATION - Base SOMSC is below SoilGrids observation (-46.62%).,/Users/mac/Documents/Spinup_testing/daycent_sites2/sites/Ramu_2024_vertisol/somsc_check/somsc_check_summary.txt,NEEDS INVESTIGATION,NEEDS INVESTIGATION,False,2535.69,4100.41,1564.7199999999998
Rudrappa_2006,392.2199999999999,-240.37800000000007,2384.9260000000004,2997.6459999999997,0,-632.598,612.7199999999993,🔴 Degraded,🟢 Large end-SOMSC gain,,,2384.93,1996.58,False,Model NEEDS INVESTIGATION - Base SOMSC is below SoilGrids observation (-40.09%).,/Users/mac/DAYCENT/daycent_sites/sites/Rudrappa_2006/somsc_check/somsc_check_summary.txt,1.0,4.0,2997.64,4032.26,True,OK for Calibration - Base SOMSC meets or exceeds SoilGrids observation.,/Users/mac/Documents/Spinup_testing/daycent_sites2/sites/Rudrappa_2006/somsc_check/somsc_check_summary.txt,NEEDS INVESTIGATION,OK,True,2384.93,2997.64,612.71
Saha_2010,-68.72749999999999,-88.06,1175.8625,3239.8775,4,-19.33250000000001,2064.0150000000003,🔴 Degraded,🟢 Large end-SOMSC gain,,,1175.86,1246.6,False,Model NEEDS INVESTIGATION - Base SOMSC is below SoilGrids observation (-62.54%).,/Users/mac/DAYCENT/daycent_sites/sites/Saha_2010/somsc_check/somsc_check_summary.txt,0.0,4.0,3239.88,1254.12,False,Model NEEDS INVESTIGATION - Base SOMSC is below SoilGrids observation (-62.32%).,/Users/mac/Documents/Spinup_testing/daycent_sites2/sites/Saha_2010/somsc_check/somsc_check_summary.txt,NEEDS INVESTIGATION,NEEDS INVESTIGATION,False,1175.86,3239.88,2064.0200000000004
Saha_2013,285.1875,319.9016666666667,1520.3691666666666,8755.949999999999,12,34.7141666666667,7235.5808333333325,🟢 Massive Overall Fix,🟢 Large end-SOMSC gain,,,1520.37,1240.03,False,Model NEEDS INVESTIGATION - Base SOMSC is below SoilGrids observation (-85.30%).,/Users/mac/DAYCENT/daycent_sites/sites/Saha_2013/somsc_check/somsc_check_summary.txt,9.0,3.0,8755.95,612.15,False,Model NEEDS INVESTIGATION - Base SOMSC is below SoilGrids observation (-92.74%).,/Users/mac/Documents/Spinup_testing/daycent_sites2/sites/Saha_2013/somsc_check/somsc_check_summary.txt,NEEDS INVESTIGATION,NEEDS INVESTIGATION,False,1520.37,8755.95,7235.580000000001
Sankar_2011,-832.408,-616.605,1104.611,6461.454,10,215.803,5356.843,🟢 Massive Overall Fix,🟢 Large end-SOMSC gain,,,1104.61,1937.75,False,Model NEEDS INVESTIGATION - Base SOMSC is below SoilGrids observation (-72.62%).,/Users/mac/DAYCENT/daycent_sites/sites/Sankar_2011/somsc_check/somsc_check_summary.txt,0.0,10.0,6461.45,151.03,False,Model NEEDS INVESTIGATION - Base SOMSC is below SoilGrids observation (-97.87%).,/Users/mac/Documents/Spinup_testing/daycent_sites2/sites/Sankar_2011/somsc_check/somsc_check_summary.txt,NEEDS INVESTIGATION,NEEDS INVESTIGATION,False,1104.61,6461.45,5356.84
Sankar_2014,-564.8362500000001,6.6462500000000055,1631.41,3777.1375,0,571.4825000000001,2145.7275,🟢 Massive Overall Fix,🟢 Large end-SOMSC gain,,,1631.41,2198.85,False,Model NEEDS INVESTIGATION - Base SOMSC is below SoilGrids observation (-41.68%).,/Users/mac/DAYCENT/daycent_sites/sites/Sankar_2014/somsc_check/somsc_check_summary.txt,2.0,6.0,3777.14,438.03,False,Model NEEDS INVESTIGATION - Base SOMSC is below SoilGrids observation (-88.38%).,/Users/mac/Documents/Spinup_testing/daycent_sites2/sites/Sankar_2014/somsc_check/somsc_check_summary.txt,NEEDS INVESTIGATION,NEEDS INVESTIGATION,False,1631.41,3777.14,2145.7299999999996
Sathish_2018,-50.96599999999999,320.13,1471.19,5261.61,5,371.096,3790.4199999999996,🟢 Massive Overall Fix,🟢 Large end-SOMSC gain,,,1471.19,1525.05,False,Model NEEDS INVESTIGATION - Base SOMSC is below SoilGrids observation (-69.14%).,/Users/mac/DAYCENT/daycent_sites/sites/Sathish_2018/somsc_check/somsc_check_summary.txt,3.0,2.0,5261.61,462.03,False,Model NEEDS INVESTIGATION - Base SOMSC is below SoilGrids observation (-90.65%).,/Users/mac/Documents/Spinup_testing/daycent_sites2/sites/Sathish_2018/somsc_check/somsc_check_summary.txt,NEEDS INVESTIGATION,NEEDS INVESTIGATION,False,1471.19,5261.61,3790.4199999999996
Shukla_2018,-38.293749999999996,-496.38875,1127.11,3098.9812500000003,24,-458.095,1971.8712500000004,🔴 Degraded,🟢 Large end-SOMSC gain,,,1127.11,1169.2,False,Model NEEDS INVESTIGATION - Base SOMSC is below SoilGrids observation (-67.48%).,/Users/mac/DAYCENT/daycent_sites/sites/Shukla_2018/somsc_check/somsc_check_summary.txt,0.0,24.0,3098.98,9336.57,True,OK for Calibration - Base SOMSC meets or exceeds SoilGrids observation.,/Users/mac/Documents/Spinup_testing/daycent_sites2/sites/Shukla_2018/somsc_check/somsc_check_summary.txt,NEEDS INVESTIGATION,OK,True,1127.11,3098.98,1971.8700000000001
Singh_2007,569.9483333333333,803.6333333333333,2235.36,5614.313333333333,6,233.68500000000006,3378.9533333333325,🟢 Massive Overall Fix,🟢 Large end-SOMSC gain,,,2235.36,1670.24,False,Model NEEDS INVESTIGATION - Base SOMSC is below SoilGrids observation (-65.28%).,/Users/mac/DAYCENT/daycent_sites/sites/Singh_2007/somsc_check/somsc_check_summary.txt,6.0,0.0,5614.31,1552.77,False,Model NEEDS INVESTIGATION - Base SOMSC is below SoilGrids observation (-67.72%).,/Users/mac/Documents/Spinup_testing/daycent_sites2/sites/Singh_2007/somsc_check/somsc_check_summary.txt,NEEDS INVESTIGATION,NEEDS INVESTIGATION,False,2235.36,5614.31,3378.9500000000003
Singh_2024,-19.29125,-26.511875,1509.29875,3553.745625,16,-7.220624999999998,2044.446875,🔴 Degraded,🟢 Large end-SOMSC gain,,,1509.3,1534.26,False,Model NEEDS INVESTIGATION - Base SOMSC is below SoilGrids observation (-57.15%).,/Users/mac/DAYCENT/daycent_sites/sites/Singh_2024/somsc_check/somsc_check_summary.txt,0.0,16.0,3553.74,1534.36,False,Model NEEDS INVESTIGATION - Base SOMSC is below SoilGrids observation (-57.14%).,/Users/mac/Documents/Spinup_testing/daycent_sites2/sites/Singh_2024/somsc_check/somsc_check_summary.txt,NEEDS INVESTIGATION,NEEDS INVESTIGATION,False,1509.3,3553.74,2044.4399999999998
Somasundaram_2018,-79.44833333333334,-400.59833333333336,2615.16,2931.93,0,-321.15000000000003,316.77,🔴 Degraded,🟡 Modest end-SOMSC gain,,,2615.16,2699.52,False,Model NEEDS INVESTIGATION - Base SOMSC is below SoilGrids observation (-18.99%).,/Users/mac/DAYCENT/daycent_sites/sites/Somasundaram_2018/somsc_check/somsc_check_summary.txt,0.0,6.0,2931.93,11958.26,True,OK for Calibration - Base SOMSC meets or exceeds SoilGrids observation.,/Users/mac/Documents/Spinup_testing/daycent_sites2/sites/Somasundaram_2018/somsc_check/somsc_check_summary.txt,NEEDS INVESTIGATION,OK,True,2615.16,2931.93,316.77
Somasundaram_2019,-149.3925,3.1275,2021.95625,3335.63125,0,152.52,1313.675,🟢 Massive Overall Fix,🟢 Large end-SOMSC gain,,,2021.96,2176.02,False,Model NEEDS INVESTIGATION - Base SOMSC is below SoilGrids observation (-32.98%).,/Users/mac/DAYCENT/daycent_sites/sites/Somasundaram_2019/somsc_check/somsc_check_summary.txt,5.0,3.0,3335.63,191.72,False,Model NEEDS INVESTIGATION - Base SOMSC is below SoilGrids observation (-94.25%).,/Users/mac/Documents/Spinup_testing/daycent_sites2/sites/Somasundaram_2019/somsc_check/somsc_check_summary.txt,NEEDS INVESTIGATION,NEEDS INVESTIGATION,False,2021.96,3335.63,1313.67
Sonune_2021,37.00214285714286,282.22214285714284,2233.772142857143,4052.702142857143,0,245.21999999999997,1818.9299999999998,🟢 Massive Overall Fix,🟢 Large end-SOMSC gain,,,2233.77,2199.37,False,Model NEEDS INVESTIGATION - Base SOMSC is below SoilGrids observation (-41.67%).,/Users/mac/DAYCENT/daycent_sites/sites/Sonune_2021/somsc_check/somsc_check_summary.txt,14.0,0.0,4052.7,494.62,False,Model NEEDS INVESTIGATION - Base SOMSC is below SoilGrids observation (-86.88%).,/Users/mac/Documents/Spinup_testing/daycent_sites2/sites/Sonune_2021/somsc_check/somsc_check_summary.txt,NEEDS INVESTIGATION,NEEDS INVESTIGATION,False,2233.77,4052.7,1818.9299999999998
Srinivasarao_2012a,-532.056,-321.87399999999997,811.374,4369.604,5,210.18200000000007,3558.2300000000005,🟢 Massive Overall Fix,🟢 Large end-SOMSC gain,,,811.37,1345.64,False,Model NEEDS INVESTIGATION - Base SOMSC is below SoilGrids observation (-71.32%).,/Users/mac/DAYCENT/daycent_sites/sites/Srinivasarao_2012a/somsc_check/somsc_check_summary.txt,0.0,5.0,4369.6,98.7,False,Model NEEDS INVESTIGATION - Base SOMSC is below SoilGrids observation (-97.90%).,/Users/mac/Documents/Spinup_testing/daycent_sites2/sites/Srinivasarao_2012a/somsc_check/somsc_check_summary.txt,NEEDS INVESTIGATION,NEEDS INVESTIGATION,False,811.37,4369.6,3558.2300000000005
Srinivasarao_2012b,-81.10799999999999,240.16000000000003,1573.8,5247.864,0,321.26800000000003,3674.0639999999994,🟢 Massive Overall Fix,🟢 Large end-SOMSC gain,,,1573.8,1657.95,False,Model NEEDS INVESTIGATION - Base SOMSC is below SoilGrids observation (-66.89%).,/Users/mac/DAYCENT/daycent_sites/sites/Srinivasarao_2012b/somsc_check/somsc_check_summary.txt,3.0,2.0,5247.86,353.12,False,Model NEEDS INVESTIGATION - Base SOMSC is below SoilGrids observation (-92.95%).,/Users/mac/Documents/Spinup_testing/daycent_sites2/sites/Srinivasarao_2012b/somsc_check/somsc_check_summary.txt,NEEDS INVESTIGATION,NEEDS INVESTIGATION,False,1573.8,5247.86,3674.0599999999995
Srinivasarao_2012c,-449.69571428571425,-144.70714285714286,2760.3942857142856,4110.712857142857,7,304.9885714285714,1350.318571428571,🟢 Massive Overall Fix,🟢 Large end-SOMSC gain,,,2760.39,3214.24,False,Model NEEDS INVESTIGATION - Base SOMSC is below SoilGrids observation (-24.47%).,/Users/mac/DAYCENT/daycent_sites/sites/Srinivasarao_2012c/somsc_check/somsc_check_summary.txt,0.0,7.0,4110.71,857.81,False,Model NEEDS INVESTIGATION - Base SOMSC is below SoilGrids observation (-79.84%).,/Users/mac/Documents/Spinup_testing/daycent_sites2/sites/Srinivasarao_2012c/somsc_check/somsc_check_summary.txt,NEEDS INVESTIGATION,NEEDS INVESTIGATION,False,2760.39,4110.71,1350.3200000000002
Srinivasarao_2019,-101.93555555555557,129.6588888888889,1183.437777777778,6661.075555555555,9,231.59444444444446,5477.637777777777,🟢 Massive Overall Fix,🟢 Large end-SOMSC gain,,,1183.44,1285.69,False,Model NEEDS INVESTIGATION - Base SOMSC is below SoilGrids observation (-80.32%).,/Users/mac/DAYCENT/daycent_sites/sites/Srinivasarao_2019/somsc_check/somsc_check_summary.txt,6.0,3.0,6661.08,320.18,False,Model NEEDS INVESTIGATION - Base SOMSC is below SoilGrids observation (-95.10%).,/Users/mac/Documents/Spinup_testing/daycent_sites2/sites/Srinivasarao_2019/somsc_check/somsc_check_summary.txt,NEEDS INVESTIGATION,NEEDS INVESTIGATION,False,1183.44,6661.08,5477.639999999999
Srinivasarao_2021,-10.984999999999971,566.5325,2869.225,4394.4225,4,577.5175,1525.1974999999998,🟢 Massive Overall Fix,🟢 Large end-SOMSC gain,,,2869.23,2881.21,False,Model NEEDS INVESTIGATION - Base SOMSC is below SoilGrids observation (-24.73%).,/Users/mac/DAYCENT/daycent_sites/sites/Srinivasarao_2021/somsc_check/somsc_check_summary.txt,2.0,2.0,4394.42,281.46,False,Model NEEDS INVESTIGATION - Base SOMSC is below SoilGrids observation (-92.65%).,/Users/mac/Documents/Spinup_testing/daycent_sites2/sites/Srinivasarao_2021/somsc_check/somsc_check_summary.txt,NEEDS INVESTIGATION,NEEDS INVESTIGATION,False,2869.23,4394.42,1525.19
Srivastava_2018,1661.8883333333333,-1613.4433333333334,3327.3016666666667,3197.101666666667,6,-3275.331666666667,-130.19999999999982,🔴 Degraded,🔴 End-SOMSC loss,,,3327.3,1670.24,False,Model NEEDS INVESTIGATION - Base SOMSC is below SoilGrids observation (-65.28%).,/Users/mac/DAYCENT/daycent_sites/sites/Srivastava_2018/somsc_check/somsc_check_summary.txt,0.0,6.0,3197.1,15487.55,True,OK for Calibration - Base SOMSC meets or exceeds SoilGrids observation.,/Users/mac/Documents/Spinup_testing/daycent_sites2/sites/Srivastava_2018/somsc_check/somsc_check_summary.txt,NEEDS INVESTIGATION,OK,True,3327.3,3197.1,-130.20000000000027
Suman_2009,1134.715,1083.7383333333335,2800.1316666666667,5894.47,6,-50.97666666666646,3094.3383333333336,🔴 Degraded,🟢 Large end-SOMSC gain,,,2800.13,1670.24,False,Model NEEDS INVESTIGATION - Base SOMSC is below SoilGrids observation (-65.28%).,/Users/mac/DAYCENT/daycent_sites/sites/Suman_2009/somsc_check/somsc_check_summary.txt,6.0,0.0,5894.47,14480.5,True,OK for Calibration - Base SOMSC meets or exceeds SoilGrids observation.,/Users/mac/Documents/Spinup_testing/daycent_sites2/sites/Suman_2009/somsc_check/somsc_check_summary.txt,NEEDS INVESTIGATION,OK,True,2800.13,5894.47,3094.34
Sun_2022,-24.761428571428574,-50.23285714285714,1408.3585714285714,11393.718571428572,0,-25.471428571428568,9985.36,🔴 Degraded,🟢 Large end-SOMSC gain,,,1408.36,1431.73,False,Model NEEDS INVESTIGATION - Base SOMSC is below SoilGrids observation (-87.49%).,/Users/mac/DAYCENT/daycent_sites/sites/Sun_2022/somsc_check/somsc_check_summary.txt,0.0,7.0,11393.72,807.14,False,Model NEEDS INVESTIGATION - Base SOMSC is below SoilGrids observation (-92.95%).,/Users/mac/Documents/Spinup_testing/daycent_sites2/sites/Sun_2022/somsc_check/somsc_check_summary.txt,NEEDS INVESTIGATION,NEEDS INVESTIGATION,False,1408.36,11393.72,9985.359999999999
Surendran_2016,49.68333333333334,252.79166666666666,1319.3466666666666,6729.48,6,203.10833333333332,5410.133333333333,🟢 Massive Overall Fix,🟢 Large end-SOMSC gain,,,1319.35,1272.12,False,Model NEEDS INVESTIGATION - Base SOMSC is below SoilGrids observation (-80.36%).,/Users/mac/DAYCENT/daycent_sites/sites/Surendran_2016/somsc_check/somsc_check_summary.txt,6.0,0.0,6729.48,1188.34,False,Model NEEDS INVESTIGATION - Base SOMSC is below SoilGrids observation (-81.65%).,/Users/mac/Documents/Spinup_testing/daycent_sites2/sites/Surendran_2016/somsc_check/somsc_check_summary.txt,NEEDS INVESTIGATION,NEEDS INVESTIGATION,False,1319.35,6729.48,5410.129999999999
Sutaria_2010,-194.66333333333333,,1256.675,,0,,,⚪ No data,⚪ No data,,,1256.67,1451.13,False,Model NEEDS INVESTIGATION - Base SOMSC is below SoilGrids observation (-53.39%).,/Users/mac/DAYCENT/daycent_sites/sites/Sutaria_2010/somsc_check/somsc_check_summary.txt,,,,,,,,NEEDS INVESTIGATION,,True,1256.67,,
Tigga_2020,-17.656666666666666,77.49666666666667,1620.55,4523.72,12,95.15333333333334,2903.17,🟢 Massive Overall Fix,🟢 Large end-SOMSC gain,,,1620.55,1639.13,False,Model NEEDS INVESTIGATION - Base SOMSC is below SoilGrids observation (-63.13%).,/Users/mac/DAYCENT/daycent_sites/sites/Tigga_2020/somsc_check/somsc_check_summary.txt,9.0,3.0,4523.72,976.12,False,Model NEEDS INVESTIGATION - Base SOMSC is below SoilGrids observation (-78.04%).,/Users/mac/Documents/Spinup_testing/daycent_sites2/sites/Tigga_2020/somsc_check/somsc_check_summary.txt,NEEDS INVESTIGATION,NEEDS INVESTIGATION,False,1620.55,4523.72,2903.17
Trivedi_2020,589.42,-606.53,2758.29375,4596.99,8,-1195.9499999999998,1838.69625,🔴 Degraded,🟢 Large end-SOMSC gain,,,2758.29,2173.63,False,Model NEEDS INVESTIGATION - Base SOMSC is below SoilGrids observation (-58.23%).,/Users/mac/DAYCENT/daycent_sites/sites/Trivedi_2020/somsc_check/somsc_check_summary.txt,3.0,5.0,4596.99,7163.09,True,OK for Calibration - Base SOMSC meets or exceeds SoilGrids observation.,/Users/mac/Documents/Spinup_testing/daycent_sites2/sites/Trivedi_2020/somsc_check/somsc_check_summary.txt,NEEDS INVESTIGATION,OK,True,2758.29,4596.99,1838.6999999999998
Usman_2014,-24.470000000000002,-90.78133333333334,1854.516,3131.824666666667,0,-66.31133333333334,1277.3086666666668,🔴 Degraded,🟢 Large end-SOMSC gain,,,1854.51,1880.19,False,Model NEEDS INVESTIGATION - Base SOMSC is below SoilGrids observation (-41.65%).,/Users/mac/DAYCENT/daycent_sites/sites/Usman_2014/somsc_check/somsc_check_summary.txt,0.0,15.0,3131.82,3779.02,True,OK for Calibration - Base SOMSC meets or exceeds SoilGrids observation.,/Users/mac/Documents/Spinup_testing/daycent_sites2/sites/Usman_2014/somsc_check/somsc_check_summary.txt,NEEDS INVESTIGATION,OK,True,1854.51,3131.82,1277.3100000000002
Venkatesh_2013,76.41583333333334,472.2666666666667,1632.2749999999999,4579.9075,12,395.85083333333336,2947.6325000000006,🟢 Massive Overall Fix,🟢 Large end-SOMSC gain,,,1632.28,1558.58,False,Model NEEDS INVESTIGATION - Base SOMSC is below SoilGrids observation (-12.63%).,/Users/mac/DAYCENT/daycent_sites/sites/Venkatesh_2013/somsc_check/somsc_check_summary.txt,4.0,8.0,4579.91,727.9,False,Model NEEDS INVESTIGATION - Base SOMSC is below SoilGrids observation (-82.28%).,/Users/mac/Documents/Spinup_testing/daycent_sites2/sites/Venkatesh_2013/somsc_check/somsc_check_summary.txt,NEEDS INVESTIGATION,NEEDS INVESTIGATION,False,1632.28,4579.91,2947.63
Verma_2022,-167.12166666666667,-37.788333333333334,1351.4716666666666,8284.661666666667,6,129.33333333333334,6933.1900000000005,🟢 Massive Overall Fix,🟢 Large end-SOMSC gain,,,1351.47,1522.64,False,Model NEEDS INVESTIGATION - Base SOMSC is below SoilGrids observation (-81.70%).,/Users/mac/DAYCENT/daycent_sites/sites/Verma_2022/somsc_check/somsc_check_summary.txt,2.0,4.0,8284.66,202.6,False,Model NEEDS INVESTIGATION - Base SOMSC is below SoilGrids observation (-97.57%).,/Users/mac/Documents/Spinup_testing/daycent_sites2/sites/Verma_2022/somsc_check/somsc_check_summary.txt,NEEDS INVESTIGATION,NEEDS INVESTIGATION,False,1351.47,8284.66,6933.19
Virk_2017,58.203333333333326,52.46666666666667,857.1133333333333,3908.9375,12,-5.7366666666666575,3051.8241666666668,🔴 Degraded,🟢 Large end-SOMSC gain,,,857.11,798.46,False,Model NEEDS INVESTIGATION - Base SOMSC is below SoilGrids observation (-66.56%).,/Users/mac/DAYCENT/daycent_sites/sites/Virk_2017/somsc_check/somsc_check_summary.txt,12.0,0.0,3908.94,1270.34,False,Model NEEDS INVESTIGATION - Base SOMSC is below SoilGrids observation (-67.06%).,/Users/mac/Documents/Spinup_testing/daycent_sites2/sites/Virk_2017/somsc_check/somsc_check_summary.txt,NEEDS INVESTIGATION,NEEDS INVESTIGATION,False,857.11,3908.94,3051.83
Wagh_2016,53.402857142857144,64.47571428571429,2208.324285714286,3310.7785714285715,7,11.072857142857146,1102.4542857142856,🟡 Stabilized / Slight Change,🟢 Large end-SOMSC gain,,,2208.32,2158.79,False,Model NEEDS INVESTIGATION - Base SOMSC is below SoilGrids observation (-33.49%).,/Users/mac/DAYCENT/daycent_sites/sites/Wagh_2016/somsc_check/somsc_check_summary.txt,6.0,1.0,3310.78,471.01,False,Model NEEDS INVESTIGATION - Base SOMSC is below SoilGrids observation (-85.49%).,/Users/mac/Documents/Spinup_testing/daycent_sites2/sites/Wagh_2016/somsc_check/somsc_check_summary.txt,NEEDS INVESTIGATION,NEEDS INVESTIGATION,False,2208.32,3310.78,1102.46
Yang_2024,137.29166666666666,207.6833333333333,1471.3416666666665,2761.1416666666664,6,70.39166666666665,1289.8,🟢 Massive Overall Fix,🟢 Large end-SOMSC gain,,,1471.34,1333.54,False,Model NEEDS INVESTIGATION - Base SOMSC is below SoilGrids observation (-48.10%).,/Users/mac/DAYCENT/daycent_sites/sites/Yang_2024/somsc_check/somsc_check_summary.txt,6.0,0.0,2761.14,2573.58,True,OK for Calibration - Base SOMSC meets or exceeds SoilGrids observation.,/Users/mac/Documents/Spinup_testing/daycent_sites2/sites/Yang_2024/somsc_check/somsc_check_summary.txt,NEEDS INVESTIGATION,OK,True,1471.34,2761.14,1289.8
Zhang_2013,488.7633333333333,294.20666666666665,1909.8966666666665,2891.8266666666664,3,-194.55666666666667,981.9299999999998,🔴 Degraded,🟢 Large end-SOMSC gain,,,1909.89,1419.34,False,Model NEEDS INVESTIGATION - Base SOMSC is below SoilGrids observation (-45.36%).,/Users/mac/DAYCENT/daycent_sites/sites/Zhang_2013/somsc_check/somsc_check_summary.txt,3.0,0.0,2891.83,4822.69,True,OK for Calibration - Base SOMSC meets or exceeds SoilGrids observation.,/Users/mac/Documents/Spinup_testing/daycent_sites2/sites/Zhang_2013/somsc_check/somsc_check_summary.txt,NEEDS INVESTIGATION,OK,True,1909.89,2891.83,981.9399999999998
